pop_id,sample_id,gvcf,bam,somalier_file
BIG_POP,LRS00446-01-PB-01,/g/data/kr68/projects/RDN_RareDisease/LRS00446/pipeface-v0.9.4/20251125-102740/LRS00446-01-PB-01/LRS00446-01-PB-01.hg38.deepvariant.snp_indel.g.vcf.gz,/g/data/kr68/projects/RDN_RareDisease/LRS00446/pipeface-v0.9.4/20251125-102740/LRS00446-01-PB-01/LRS00446-01-PB-01.hg38.minimap2.whatshap.sorted.haplotagged.bam,NONE
BIG_POP,LRS00446-02-PB-01,/g/data/kr68/projects/RDN_RareDisease/LRS00446/pipeface-v0.9.4/20251125-102740/LRS00446-02-PB-01/LRS00446-02-PB-01.hg38.deepvariant.snp_indel.g.vcf.gz,/g/data/kr68/projects/RDN_RareDisease/LRS00446/pipeface-v0.9.4/20251125-102740/LRS00446-02-PB-01/LRS00446-02-PB-01.hg38.minimap2.whatshap.sorted.haplotagged.bam,NONE
BIG_POP,LRS00446-00-PB-01,/g/data/kr68/projects/RDN_RareDisease/LRS00446/pipeface-v0.9.4/20251125-102740/LRS00446-00-PB-01/LRS00446-00-PB-01.hg38.deepvariant.snp_indel.g.vcf.gz,/g/data/kr68/projects/RDN_RareDisease/LRS00446/pipeface-v0.9.4/20251125-102740/LRS00446-00-PB-01/LRS00446-00-PB-01.hg38.minimap2.whatshap.sorted.haplotagged.bam,NONE
BIG_POP,LRS00047-03-PB-01,/g/data/kr68/projects/RDN_RareDisease/LRS00047/pipeface-v0.8.0/20250719-070518/LRS00047-03-PB-01/LRS00047-03-PB-01.hg38.deepvariant.snp_indel.g.vcf.gz,/g/data/kr68/projects/RDN_RareDisease/LRS00047/pipeface-v0.8.0/20250719-070518/LRS00047-03-PB-01/LRS00047-03-PB-01.hg38.minimap2.whatshap.sorted.haplotagged.bam,NONE
BIG_POP,LRS00047-01-PB-01,/g/data/kr68/projects/RDN_RareDisease/LRS00047/pipeface-v0.9.1/20250723-121116/LRS00047-01-PB-01/LRS00047-01-PB-01.hg38.deepvariant.snp_indel.g.vcf.gz,/g/data/kr68/projects/RDN_RareDisease/LRS00047/pipeface-v0.9.1/20250723-121116/LRS00047-01-PB-01/LRS00047-01-PB-01.hg38.minimap2.whatshap.sorted.haplotagged.bam,NONE
BIG_POP,LRS00047-00-PB-01,/g/data/kr68/projects/RDN_RareDisease/LRS00047/pipeface-v0.9.1/20250723-121116/LRS00047-00-PB-01/LRS00047-00-PB-01.hg38.deepvariant.snp_indel.g.vcf.gz,/g/data/kr68/projects/RDN_RareDisease/LRS00047/pipeface-v0.9.1/20250723-121116/LRS00047-00-PB-01/LRS00047-00-PB-01.hg38.minimap2.whatshap.sorted.haplotagged.bam,NONE
BIG_POP,LRS00288-00-PB-01,/g/data/kr68/projects/RDN_RareDisease/LRS00288/pipeface-v0.8.0/20250723-145157/LRS00288-00-PB-01/LRS00288-00-PB-01.hg38.deepvariant.snp_indel.g.vcf.gz,/g/data/kr68/projects/RDN_RareDisease/LRS00288/pipeface-v0.8.0/20250723-145157/LRS00288-00-PB-01/LRS00288-00-PB-01.hg38.minimap2.whatshap.sorted.haplotagged.bam,NONE
BIG_POP,LRS00288-01-PB-01,/g/data/kr68/projects/RDN_RareDisease/LRS00288/pipeface-v0.8.0/20250723-145157/LRS00288-01-PB-01/LRS00288-01-PB-01.hg38.deepvariant.snp_indel.g.vcf.gz,/g/data/kr68/projects/RDN_RareDisease/LRS00288/pipeface-v0.8.0/20250723-145157/LRS00288-01-PB-01/LRS00288-01-PB-01.hg38.minimap2.whatshap.sorted.haplotagged.bam,NONE
BIG_POP,LRS00288-02-PB-01,/g/data/kr68/projects/RDN_RareDisease/LRS00288/pipeface-v0.8.0/20250723-145157/LRS00288-02-PB-01/LRS00288-02-PB-01.hg38.deepvariant.snp_indel.g.vcf.gz,/g/data/kr68/projects/RDN_RareDisease/LRS00288/pipeface-v0.8.0/20250723-145157/LRS00288-02-PB-01/LRS00288-02-PB-01.hg38.minimap2.whatshap.sorted.haplotagged.bam,NONE
BIG_POP,LRS00014-01-PB-01,/g/data/kr68/projects/RDN_RareDisease/LRS00014/pipeface-v0.8.0/20250723-145545/LRS00014-01-PB-01/LRS00014-01-PB-01.hg38.deepvariant.snp_indel.g.vcf.gz,/g/data/kr68/projects/RDN_RareDisease/LRS00014/pipeface-v0.8.0/20250723-145545/LRS00014-01-PB-01/LRS00014-01-PB-01.hg38.minimap2.whatshap.sorted.haplotagged.bam,NONE
BIG_POP,LRS00014-02-PB-01,/g/data/kr68/projects/RDN_RareDisease/LRS00014/pipeface-v0.8.0/20250723-145545/LRS00014-02-PB-01/LRS00014-02-PB-01.hg38.deepvariant.snp_indel.g.vcf.gz,/g/data/kr68/projects/RDN_RareDisease/LRS00014/pipeface-v0.8.0/20250723-145545/LRS00014-02-PB-01/LRS00014-02-PB-01.hg38.minimap2.whatshap.sorted.haplotagged.bam,NONE
BIG_POP,LRS00014-00-PB-01,/g/data/kr68/projects/RDN_RareDisease/LRS00014/pipeface-v0.8.0/20250723-145545/LRS00014-00-PB-01/LRS00014-00-PB-01.hg38.deepvariant.snp_indel.g.vcf.gz,/g/data/kr68/projects/RDN_RareDisease/LRS00014/pipeface-v0.8.0/20250723-145545/LRS00014-00-PB-01/LRS00014-00-PB-01.hg38.minimap2.whatshap.sorted.haplotagged.bam,NONE
BIG_POP,LRS00341-00-PB-01,/g/data/kr68/projects/RDN_RareDisease/LRS00341/pipeface-v0.8.0/20250724-085739/LRS00341-00-PB-01/LRS00341-00-PB-01.hg38.deepvariant.snp_indel.g.vcf.gz,/g/data/kr68/projects/RDN_RareDisease/LRS00341/pipeface-v0.8.0/20250724-085739/LRS00341-00-PB-01/LRS00341-00-PB-01.hg38.minimap2.whatshap.sorted.haplotagged.bam,NONE
BIG_POP,LRS00341-01-PB-01,/g/data/kr68/projects/RDN_RareDisease/LRS00341/pipeface-v0.8.0/20250724-085739/LRS00341-01-PB-01/LRS00341-01-PB-01.hg38.deepvariant.snp_indel.g.vcf.gz,/g/data/kr68/projects/RDN_RareDisease/LRS00341/pipeface-v0.8.0/20250724-085739/LRS00341-01-PB-01/LRS00341-01-PB-01.hg38.minimap2.whatshap.sorted.haplotagged.bam,NONE
BIG_POP,LRS00341-02-PB-01,/g/data/kr68/projects/RDN_RareDisease/LRS00341/pipeface-v0.8.0/20250724-085739/LRS00341-02-PB-01/LRS00341-02-PB-01.hg38.deepvariant.snp_indel.g.vcf.gz,/g/data/kr68/projects/RDN_RareDisease/LRS00341/pipeface-v0.8.0/20250724-085739/LRS00341-02-PB-01/LRS00341-02-PB-01.hg38.minimap2.whatshap.sorted.haplotagged.bam,NONE
BIG_POP,LRS00341-03-PB-01,/g/data/kr68/projects/RDN_RareDisease/LRS00341/pipeface-v0.9.2/20250925-125526/LRS00341-03-PB-01/LRS00341-03-PB-01.hg38.deepvariant.snp_indel.g.vcf.gz,/g/data/kr68/projects/RDN_RareDisease/LRS00341/pipeface-v0.9.2/20250925-125526/LRS00341-03-PB-01/LRS00341-03-PB-01.hg38.minimap2.whatshap.sorted.haplotagged.bam,NONE
BIG_POP,LRS00114-00-PB-02,/g/data/kr68/projects/RDN_RareDisease/LRS00114/pipeface-v0.9.4/20251025-064955/LRS00114-00-PB-02/LRS00114-00-PB-02.hg38.deepvariant.snp_indel.g.vcf.gz,/g/data/kr68/projects/RDN_RareDisease/LRS00114/pipeface-v0.9.4/20251025-064955/LRS00114-00-PB-02/LRS00114-00-PB-02.hg38.minimap2.whatshap.sorted.haplotagged.bam,NONE
BIG_POP,LRS00114-02-PB-02,/g/data/kr68/projects/RDN_RareDisease/LRS00114/pipeface-v0.9.4/20251025-064955/LRS00114-02-PB-02/LRS00114-02-PB-02.hg38.deepvariant.snp_indel.g.vcf.gz,/g/data/kr68/projects/RDN_RareDisease/LRS00114/pipeface-v0.9.4/20251025-064955/LRS00114-02-PB-02/LRS00114-02-PB-02.hg38.minimap2.whatshap.sorted.haplotagged.bam,NONE
BIG_POP,LRS00114-01-PB-02,/g/data/kr68/projects/RDN_RareDisease/LRS00114/pipeface-v0.9.4/20251025-064955/LRS00114-01-PB-02/LRS00114-01-PB-02.hg38.deepvariant.snp_indel.g.vcf.gz,/g/data/kr68/projects/RDN_RareDisease/LRS00114/pipeface-v0.9.4/20251025-064955/LRS00114-01-PB-02/LRS00114-01-PB-02.hg38.minimap2.whatshap.sorted.haplotagged.bam,NONE
BIG_POP,LRS00284-01-PB-02,/g/data/kr68/projects/RDN_RareDisease/LRS00284/pipeface-v0.10.0/20251127-083511/LRS00284-01-PB-02/LRS00284-01-PB-02.hg38.deepvariant.snp_indel.g.vcf.gz,/g/data/kr68/projects/RDN_RareDisease/LRS00284/pipeface-v0.10.0/20251127-083511/LRS00284-01-PB-02/LRS00284-01-PB-02.hg38.minimap2.whatshap.sorted.haplotagged.bam,NONE
BIG_POP,LRS00284-00-PB-02,/g/data/kr68/projects/RDN_RareDisease/LRS00284/pipeface-v0.10.0/20251127-083511/LRS00284-00-PB-02/LRS00284-00-PB-02.hg38.deepvariant.snp_indel.g.vcf.gz,/g/data/kr68/projects/RDN_RareDisease/LRS00284/pipeface-v0.10.0/20251127-083511/LRS00284-00-PB-02/LRS00284-00-PB-02.hg38.minimap2.whatshap.sorted.haplotagged.bam,NONE
BIG_POP,LRS00284-02-PB-02,/g/data/kr68/projects/RDN_RareDisease/LRS00284/pipeface-v0.10.0/20251127-083511/LRS00284-02-PB-02/LRS00284-02-PB-02.hg38.deepvariant.snp_indel.g.vcf.gz,/g/data/kr68/projects/RDN_RareDisease/LRS00284/pipeface-v0.10.0/20251127-083511/LRS00284-02-PB-02/LRS00284-02-PB-02.hg38.minimap2.whatshap.sorted.haplotagged.bam,NONE
BIG_POP,LRS00104-00-PB-02,/g/data/kr68/projects/RDN_RareDisease/LRS00104/pipeface-v0.9.4/20251025-064955/LRS00104-00-PB-02/LRS00104-00-PB-02.hg38.deepvariant.snp_indel.g.vcf.gz,/g/data/kr68/projects/RDN_RareDisease/LRS00104/pipeface-v0.9.4/20251025-064955/LRS00104-00-PB-02/LRS00104-00-PB-02.hg38.minimap2.whatshap.sorted.haplotagged.bam,NONE
BIG_POP,LRS00104-02-PB-02,/g/data/kr68/projects/RDN_RareDisease/LRS00104/pipeface-v0.9.4/20251025-064955/LRS00104-02-PB-02/LRS00104-02-PB-02.hg38.deepvariant.snp_indel.g.vcf.gz,/g/data/kr68/projects/RDN_RareDisease/LRS00104/pipeface-v0.9.4/20251025-064955/LRS00104-02-PB-02/LRS00104-02-PB-02.hg38.minimap2.whatshap.sorted.haplotagged.bam,NONE
BIG_POP,LRS00104-01-PB-02,/g/data/kr68/projects/RDN_RareDisease/LRS00104/pipeface-v0.9.4/20251025-064955/LRS00104-01-PB-02/LRS00104-01-PB-02.hg38.deepvariant.snp_indel.g.vcf.gz,/g/data/kr68/projects/RDN_RareDisease/LRS00104/pipeface-v0.9.4/20251025-064955/LRS00104-01-PB-02/LRS00104-01-PB-02.hg38.minimap2.whatshap.sorted.haplotagged.bam,NONE
BIG_POP,LRS00264-01-PB-03,/g/data/kr68/projects/RDN_RareDisease/LRS00264/pipeface-v0.8.0/20250716-095228/LRS00264-01-PB-03/LRS00264-01-PB-03.hg38.deepvariant.snp_indel.g.vcf.gz,/g/data/kr68/projects/RDN_RareDisease/LRS00264/pipeface-v0.8.0/20250716-095228/LRS00264-01-PB-03/LRS00264-01-PB-03.hg38.minimap2.whatshap.sorted.haplotagged.bam,NONE
BIG_POP,LRS00264-00-PB-03,/g/data/kr68/projects/RDN_RareDisease/LRS00264/pipeface-v0.8.0/20250716-095228/LRS00264-00-PB-03/LRS00264-00-PB-03.hg38.deepvariant.snp_indel.g.vcf.gz,/g/data/kr68/projects/RDN_RareDisease/LRS00264/pipeface-v0.8.0/20250716-095228/LRS00264-00-PB-03/LRS00264-00-PB-03.hg38.minimap2.whatshap.sorted.haplotagged.bam,NONE
BIG_POP,LRS00264-02-PB-03,/g/data/kr68/projects/RDN_RareDisease/LRS00264/pipeface-v0.8.0/20250716-095228/LRS00264-02-PB-03/LRS00264-02-PB-03.hg38.deepvariant.snp_indel.g.vcf.gz,/g/data/kr68/projects/RDN_RareDisease/LRS00264/pipeface-v0.8.0/20250716-095228/LRS00264-02-PB-03/LRS00264-02-PB-03.hg38.minimap2.whatshap.sorted.haplotagged.bam,NONE
BIG_POP,LRS00227-01-PB-02,/g/data/kr68/projects/RDN_RareDisease/LRS00227/pipeface-v0.8.0/20250724-085739/LRS00227-01-PB-02/LRS00227-01-PB-02.hg38.deepvariant.snp_indel.g.vcf.gz,/g/data/kr68/projects/RDN_RareDisease/LRS00227/pipeface-v0.8.0/20250724-085739/LRS00227-01-PB-02/LRS00227-01-PB-02.hg38.minimap2.whatshap.sorted.haplotagged.bam,NONE
BIG_POP,LRS00227-00-PB-02,/g/data/kr68/projects/RDN_RareDisease/LRS00227/pipeface-v0.8.0/20250724-085739/LRS00227-00-PB-02/LRS00227-00-PB-02.hg38.deepvariant.snp_indel.g.vcf.gz,/g/data/kr68/projects/RDN_RareDisease/LRS00227/pipeface-v0.8.0/20250724-085739/LRS00227-00-PB-02/LRS00227-00-PB-02.hg38.minimap2.whatshap.sorted.haplotagged.bam,NONE
BIG_POP,LRS00227-02-PB-02,/g/data/kr68/projects/RDN_RareDisease/LRS00227/pipeface-v0.8.0/20250724-085739/LRS00227-02-PB-02/LRS00227-02-PB-02.hg38.deepvariant.snp_indel.g.vcf.gz,/g/data/kr68/projects/RDN_RareDisease/LRS00227/pipeface-v0.8.0/20250724-085739/LRS00227-02-PB-02/LRS00227-02-PB-02.hg38.minimap2.whatshap.sorted.haplotagged.bam,NONE
BIG_POP,LRS00056-00-PB-01,/g/data/kr68/projects/RDN_RareDisease/LRS00056/pipeface-v0.8.0/20250709-080131/LRS00056-00-PB-01/LRS00056-00-PB-01.hg38.deepvariant.snp_indel.g.vcf.gz,/g/data/kr68/projects/RDN_RareDisease/LRS00056/pipeface-v0.8.0/20250709-080131/LRS00056-00-PB-01/LRS00056-00-PB-01.hg38.minimap2.whatshap.sorted.haplotagged.bam,NONE
BIG_POP,LRS00056-02-PB-01,/g/data/kr68/projects/RDN_RareDisease/LRS00056/pipeface-v0.8.0/20250709-080131/LRS00056-02-PB-01/LRS00056-02-PB-01.hg38.deepvariant.snp_indel.g.vcf.gz,/g/data/kr68/projects/RDN_RareDisease/LRS00056/pipeface-v0.8.0/20250709-080131/LRS00056-02-PB-01/LRS00056-02-PB-01.hg38.minimap2.whatshap.sorted.haplotagged.bam,NONE
BIG_POP,LRS00056-01-PB-01,/g/data/kr68/projects/RDN_RareDisease/LRS00056/pipeface-v0.8.0/20250709-080131/LRS00056-01-PB-01/LRS00056-01-PB-01.hg38.deepvariant.snp_indel.g.vcf.gz,/g/data/kr68/projects/RDN_RareDisease/LRS00056/pipeface-v0.8.0/20250709-080131/LRS00056-01-PB-01/LRS00056-01-PB-01.hg38.minimap2.whatshap.sorted.haplotagged.bam,NONE
BIG_POP,LRS00056-03-PB-01,/g/data/kr68/projects/RDN_RareDisease/LRS00056/pipeface-v0.8.0/20250715-074814/LRS00056-03-PB-01/LRS00056-03-PB-01.hg38.deepvariant.snp_indel.g.vcf.gz,/g/data/kr68/projects/RDN_RareDisease/LRS00056/pipeface-v0.8.0/20250715-074814/LRS00056-03-PB-01/LRS00056-03-PB-01.hg38.minimap2.whatshap.sorted.haplotagged.bam,NONE
BIG_POP,LRS00059-00-UL-01,/g/data/kr68/projects/RDN_RareDisease/LRS00059/pipeface-v0.9.1/20250807-063056/LRS00059-00-UL-01/LRS00059-00-UL-01.hg38.deepvariant.snp_indel.g.vcf.gz,/g/data/kr68/projects/RDN_RareDisease/LRS00059/pipeface-v0.9.1/20250807-063056/LRS00059-00-UL-01/LRS00059-00-UL-01.hg38.minimap2.whatshap.sorted.haplotagged.bam,NONE
BIG_POP,LRS00059-01-ON-01,/g/data/kr68/projects/RDN_RareDisease/LRS00059/pipeface-v0.9.1/20250807-063056/LRS00059-01-ON-01/LRS00059-01-ON-01.hg38.deepvariant.snp_indel.g.vcf.gz,/g/data/kr68/projects/RDN_RareDisease/LRS00059/pipeface-v0.9.1/20250807-063056/LRS00059-01-ON-01/LRS00059-01-ON-01.hg38.minimap2.whatshap.sorted.haplotagged.bam,NONE
BIG_POP,LRS00402-00-PB-01,/g/data/kr68/projects/RDN_RareDisease/LRS00402/pipeface-v0.9.1/20250818-132934/LRS00402-00-PB-01/LRS00402-00-PB-01.hg38.deepvariant.snp_indel.g.vcf.gz,/g/data/kr68/projects/RDN_RareDisease/LRS00402/pipeface-v0.9.1/20250818-132934/LRS00402-00-PB-01/LRS00402-00-PB-01.hg38.minimap2.whatshap.sorted.haplotagged.bam,NONE
BIG_POP,LRS00402-01-PB-01,/g/data/kr68/projects/RDN_RareDisease/LRS00402/pipeface-v0.9.1/20250818-132934/LRS00402-01-PB-01/LRS00402-01-PB-01.hg38.deepvariant.snp_indel.g.vcf.gz,/g/data/kr68/projects/RDN_RareDisease/LRS00402/pipeface-v0.9.1/20250818-132934/LRS00402-01-PB-01/LRS00402-01-PB-01.hg38.minimap2.whatshap.sorted.haplotagged.bam,NONE
BIG_POP,LRS00064-02-PB-03,/g/data/kr68/projects/RDN_RareDisease/LRS00064/pipeface-v0.9.2/20251020-125237/LRS00064-02-PB-03/LRS00064-02-PB-03.hg38.deepvariant.snp_indel.g.vcf.gz,/g/data/kr68/projects/RDN_RareDisease/LRS00064/pipeface-v0.9.2/20251020-125237/LRS00064-02-PB-03/LRS00064-02-PB-03.hg38.minimap2.whatshap.sorted.haplotagged.bam,NONE
BIG_POP,LRS00064-01-PB-03,/g/data/kr68/projects/RDN_RareDisease/LRS00064/pipeface-v0.9.2/20251020-125237/LRS00064-01-PB-03/LRS00064-01-PB-03.hg38.deepvariant.snp_indel.g.vcf.gz,/g/data/kr68/projects/RDN_RareDisease/LRS00064/pipeface-v0.9.2/20251020-125237/LRS00064-01-PB-03/LRS00064-01-PB-03.hg38.minimap2.whatshap.sorted.haplotagged.bam,NONE
BIG_POP,LRS00064-00-PB-03,/g/data/kr68/projects/RDN_RareDisease/LRS00064/pipeface-v0.9.2/20251020-125237/LRS00064-00-PB-03/LRS00064-00-PB-03.hg38.deepvariant.snp_indel.g.vcf.gz,/g/data/kr68/projects/RDN_RareDisease/LRS00064/pipeface-v0.9.2/20251020-125237/LRS00064-00-PB-03/LRS00064-00-PB-03.hg38.minimap2.whatshap.sorted.haplotagged.bam,NONE
BIG_POP,LRS00260-02-PB-01,/g/data/kr68/projects/RDN_RareDisease/LRS00260/pipeface-v0.8.0/20250716-095228/LRS00260-02-PB-01/LRS00260-02-PB-01.hg38.deepvariant.snp_indel.g.vcf.gz,/g/data/kr68/projects/RDN_RareDisease/LRS00260/pipeface-v0.8.0/20250716-095228/LRS00260-02-PB-01/LRS00260-02-PB-01.hg38.minimap2.whatshap.sorted.haplotagged.bam,NONE
BIG_POP,LRS00260-01-PB-01,/g/data/kr68/projects/RDN_RareDisease/LRS00260/pipeface-v0.8.0/20250716-095228/LRS00260-01-PB-01/LRS00260-01-PB-01.hg38.deepvariant.snp_indel.g.vcf.gz,/g/data/kr68/projects/RDN_RareDisease/LRS00260/pipeface-v0.8.0/20250716-095228/LRS00260-01-PB-01/LRS00260-01-PB-01.hg38.minimap2.whatshap.sorted.haplotagged.bam,NONE
BIG_POP,LRS00260-00-PB-01,/g/data/kr68/projects/RDN_RareDisease/LRS00260/pipeface-v0.8.0/20250716-095228/LRS00260-00-PB-01/LRS00260-00-PB-01.hg38.deepvariant.snp_indel.g.vcf.gz,/g/data/kr68/projects/RDN_RareDisease/LRS00260/pipeface-v0.8.0/20250716-095228/LRS00260-00-PB-01/LRS00260-00-PB-01.hg38.minimap2.whatshap.sorted.haplotagged.bam,NONE
BIG_POP,LRS00258-00-ON-01,/g/data/kr68/projects/RDN_RareDisease/LRS00258/pipeface-v0.9.1/20250807-063056/LRS00258-00-ON-01/LRS00258-00-ON-01.hg38.deepvariant.snp_indel.g.vcf.gz,/g/data/kr68/projects/RDN_RareDisease/LRS00258/pipeface-v0.9.1/20250807-063056/LRS00258-00-ON-01/LRS00258-00-ON-01.hg38.minimap2.whatshap.sorted.haplotagged.bam,NONE
BIG_POP,LRS00258-01-ON-01,/g/data/kr68/projects/RDN_RareDisease/LRS00258/pipeface-v0.9.1/20250807-063056/LRS00258-01-ON-01/LRS00258-01-ON-01.hg38.deepvariant.snp_indel.g.vcf.gz,/g/data/kr68/projects/RDN_RareDisease/LRS00258/pipeface-v0.9.1/20250807-063056/LRS00258-01-ON-01/LRS00258-01-ON-01.hg38.minimap2.whatshap.sorted.haplotagged.bam,NONE
BIG_POP,LRS00089-00-PB-02,/g/data/kr68/projects/RDN_RareDisease/LRS00089/pipeface-v0.9.4/20251025-064955/LRS00089-00-PB-02/LRS00089-00-PB-02.hg38.deepvariant.snp_indel.g.vcf.gz,/g/data/kr68/projects/RDN_RareDisease/LRS00089/pipeface-v0.9.4/20251025-064955/LRS00089-00-PB-02/LRS00089-00-PB-02.hg38.minimap2.whatshap.sorted.haplotagged.bam,NONE
BIG_POP,LRS00089-02-PB-02,/g/data/kr68/projects/RDN_RareDisease/LRS00089/pipeface-v0.9.4/20251025-064955/LRS00089-02-PB-02/LRS00089-02-PB-02.hg38.deepvariant.snp_indel.g.vcf.gz,/g/data/kr68/projects/RDN_RareDisease/LRS00089/pipeface-v0.9.4/20251025-064955/LRS00089-02-PB-02/LRS00089-02-PB-02.hg38.minimap2.whatshap.sorted.haplotagged.bam,NONE
BIG_POP,LRS00089-01-PB-02,/g/data/kr68/projects/RDN_RareDisease/LRS00089/pipeface-v0.9.4/20251025-064955/LRS00089-01-PB-02/LRS00089-01-PB-02.hg38.deepvariant.snp_indel.g.vcf.gz,/g/data/kr68/projects/RDN_RareDisease/LRS00089/pipeface-v0.9.4/20251025-064955/LRS00089-01-PB-02/LRS00089-01-PB-02.hg38.minimap2.whatshap.sorted.haplotagged.bam,NONE
BIG_POP,LRS00287-02-PB-01,/g/data/kr68/projects/RDN_RareDisease/LRS00287/pipeface-v0.9.4/20251125-103452/LRS00287-02-PB-01/LRS00287-02-PB-01.hg38.deepvariant.snp_indel.g.vcf.gz,/g/data/kr68/projects/RDN_RareDisease/LRS00287/pipeface-v0.9.4/20251125-103452/LRS00287-02-PB-01/LRS00287-02-PB-01.hg38.minimap2.whatshap.sorted.haplotagged.bam,NONE
BIG_POP,LRS00287-00-PB-01,/g/data/kr68/projects/RDN_RareDisease/LRS00287/pipeface-v0.9.4/20251125-103452/LRS00287-00-PB-01/LRS00287-00-PB-01.hg38.deepvariant.snp_indel.g.vcf.gz,/g/data/kr68/projects/RDN_RareDisease/LRS00287/pipeface-v0.9.4/20251125-103452/LRS00287-00-PB-01/LRS00287-00-PB-01.hg38.minimap2.whatshap.sorted.haplotagged.bam,NONE
BIG_POP,LRS00287-01-PB-01,/g/data/kr68/projects/RDN_RareDisease/LRS00287/pipeface-v0.9.4/20251125-103452/LRS00287-01-PB-01/LRS00287-01-PB-01.hg38.deepvariant.snp_indel.g.vcf.gz,/g/data/kr68/projects/RDN_RareDisease/LRS00287/pipeface-v0.9.4/20251125-103452/LRS00287-01-PB-01/LRS00287-01-PB-01.hg38.minimap2.whatshap.sorted.haplotagged.bam,NONE
BIG_POP,LRS00259-01-PB-01,/g/data/kr68/projects/RDN_RareDisease/LRS00259/pipeface-v0.9.1/20250804-130624/LRS00259-01-PB-01/LRS00259-01-PB-01.hg38.deepvariant.snp_indel.g.vcf.gz,/g/data/kr68/projects/RDN_RareDisease/LRS00259/pipeface-v0.9.1/20250804-130624/LRS00259-01-PB-01/LRS00259-01-PB-01.hg38.minimap2.whatshap.sorted.haplotagged.bam,NONE
BIG_POP,LRS00259-00-PB-01,/g/data/kr68/projects/RDN_RareDisease/LRS00259/pipeface-v0.9.1/20250804-130624/LRS00259-00-PB-01/LRS00259-00-PB-01.hg38.deepvariant.snp_indel.g.vcf.gz,/g/data/kr68/projects/RDN_RareDisease/LRS00259/pipeface-v0.9.1/20250804-130624/LRS00259-00-PB-01/LRS00259-00-PB-01.hg38.minimap2.whatshap.sorted.haplotagged.bam,NONE
BIG_POP,LRS00095-02-PB-02,/g/data/kr68/projects/RDN_RareDisease/LRS00095/pipeface-v0.9.4/20251025-064955/LRS00095-02-PB-02/LRS00095-02-PB-02.hg38.deepvariant.snp_indel.g.vcf.gz,/g/data/kr68/projects/RDN_RareDisease/LRS00095/pipeface-v0.9.4/20251025-064955/LRS00095-02-PB-02/LRS00095-02-PB-02.hg38.minimap2.whatshap.sorted.haplotagged.bam,NONE
BIG_POP,LRS00095-01-PB-02,/g/data/kr68/projects/RDN_RareDisease/LRS00095/pipeface-v0.9.4/20251025-064955/LRS00095-01-PB-02/LRS00095-01-PB-02.hg38.deepvariant.snp_indel.g.vcf.gz,/g/data/kr68/projects/RDN_RareDisease/LRS00095/pipeface-v0.9.4/20251025-064955/LRS00095-01-PB-02/LRS00095-01-PB-02.hg38.minimap2.whatshap.sorted.haplotagged.bam,NONE
BIG_POP,LRS00095-00-PB-02,/g/data/kr68/projects/RDN_RareDisease/LRS00095/pipeface-v0.9.4/20251025-064955/LRS00095-00-PB-02/LRS00095-00-PB-02.hg38.deepvariant.snp_indel.g.vcf.gz,/g/data/kr68/projects/RDN_RareDisease/LRS00095/pipeface-v0.9.4/20251025-064955/LRS00095-00-PB-02/LRS00095-00-PB-02.hg38.minimap2.whatshap.sorted.haplotagged.bam,NONE
BIG_POP,LRS00084-01-ON-02,/g/data/kr68/projects/RDN_RareDisease/LRS00084/pipeface-v0.10.0/20251126-062855/LRS00084-01-ON-02/LRS00084-01-ON-02.hg38.deepvariant.snp_indel.g.vcf.gz,/g/data/kr68/projects/RDN_RareDisease/LRS00084/pipeface-v0.10.0/20251126-062855/LRS00084-01-ON-02/LRS00084-01-ON-02.hg38.minimap2.whatshap.sorted.haplotagged.bam,NONE
BIG_POP,LRS00084-00-UL-02,/g/data/kr68/projects/RDN_RareDisease/LRS00084/pipeface-v0.10.0/20251126-062855/LRS00084-00-UL-02/LRS00084-00-UL-02.hg38.deepvariant.snp_indel.g.vcf.gz,/g/data/kr68/projects/RDN_RareDisease/LRS00084/pipeface-v0.10.0/20251126-062855/LRS00084-00-UL-02/LRS00084-00-UL-02.hg38.minimap2.whatshap.sorted.haplotagged.bam,NONE
BIG_POP,LRS00044-03-PB-01,/g/data/kr68/projects/RDN_RareDisease/LRS00044/pipeface-v0.8.0/20250719-070518/LRS00044-03-PB-01/LRS00044-03-PB-01.hg38.deepvariant.snp_indel.g.vcf.gz,/g/data/kr68/projects/RDN_RareDisease/LRS00044/pipeface-v0.8.0/20250719-070518/LRS00044-03-PB-01/LRS00044-03-PB-01.hg38.minimap2.whatshap.sorted.haplotagged.bam,NONE
BIG_POP,LRS00044-01-PB-01,/g/data/kr68/projects/RDN_RareDisease/LRS00044/pipeface-v0.9.1/20250723-121116/LRS00044-01-PB-01/LRS00044-01-PB-01.hg38.deepvariant.snp_indel.g.vcf.gz,/g/data/kr68/projects/RDN_RareDisease/LRS00044/pipeface-v0.9.1/20250723-121116/LRS00044-01-PB-01/LRS00044-01-PB-01.hg38.minimap2.whatshap.sorted.haplotagged.bam,NONE
BIG_POP,LRS00044-00-PB-01,/g/data/kr68/projects/RDN_RareDisease/LRS00044/pipeface-v0.9.1/20250723-121116/LRS00044-00-PB-01/LRS00044-00-PB-01.hg38.deepvariant.snp_indel.g.vcf.gz,/g/data/kr68/projects/RDN_RareDisease/LRS00044/pipeface-v0.9.1/20250723-121116/LRS00044-00-PB-01/LRS00044-00-PB-01.hg38.minimap2.whatshap.sorted.haplotagged.bam,NONE
BIG_POP,LRS00093-02-PB-02,/g/data/kr68/projects/RDN_RareDisease/LRS00093/pipeface-v0.9.4/20251025-064955/LRS00093-02-PB-02/LRS00093-02-PB-02.hg38.deepvariant.snp_indel.g.vcf.gz,/g/data/kr68/projects/RDN_RareDisease/LRS00093/pipeface-v0.9.4/20251025-064955/LRS00093-02-PB-02/LRS00093-02-PB-02.hg38.minimap2.whatshap.sorted.haplotagged.bam,NONE
BIG_POP,LRS00093-00-PB-02,/g/data/kr68/projects/RDN_RareDisease/LRS00093/pipeface-v0.9.4/20251025-064955/LRS00093-00-PB-02/LRS00093-00-PB-02.hg38.deepvariant.snp_indel.g.vcf.gz,/g/data/kr68/projects/RDN_RareDisease/LRS00093/pipeface-v0.9.4/20251025-064955/LRS00093-00-PB-02/LRS00093-00-PB-02.hg38.minimap2.whatshap.sorted.haplotagged.bam,NONE
BIG_POP,LRS00093-01-PB-02,/g/data/kr68/projects/RDN_RareDisease/LRS00093/pipeface-v0.9.4/20251025-064955/LRS00093-01-PB-02/LRS00093-01-PB-02.hg38.deepvariant.snp_indel.g.vcf.gz,/g/data/kr68/projects/RDN_RareDisease/LRS00093/pipeface-v0.9.4/20251025-064955/LRS00093-01-PB-02/LRS00093-01-PB-02.hg38.minimap2.whatshap.sorted.haplotagged.bam,NONE
BIG_POP,LRS00100-00-PB-01,/g/data/kr68/projects/RDN_RareDisease/LRS00100/pipeface-v0.8.0/20250716-090742/LRS00100-00-PB-01/LRS00100-00-PB-01.hg38.deepvariant.snp_indel.g.vcf.gz,/g/data/kr68/projects/RDN_RareDisease/LRS00100/pipeface-v0.8.0/20250716-090742/LRS00100-00-PB-01/LRS00100-00-PB-01.hg38.minimap2.whatshap.sorted.haplotagged.bam,NONE
BIG_POP,LRS00290-01-PB-01,/g/data/kr68/projects/RDN_RareDisease/LRS00290/pipeface-v0.8.0/20250721-080404/LRS00290-01-PB-01/LRS00290-01-PB-01.hg38.deepvariant.snp_indel.g.vcf.gz,/g/data/kr68/projects/RDN_RareDisease/LRS00290/pipeface-v0.8.0/20250721-080404/LRS00290-01-PB-01/LRS00290-01-PB-01.hg38.minimap2.whatshap.sorted.haplotagged.bam,NONE
BIG_POP,LRS00290-00-PB-01,/g/data/kr68/projects/RDN_RareDisease/LRS00290/pipeface-v0.8.0/20250721-080404/LRS00290-00-PB-01/LRS00290-00-PB-01.hg38.deepvariant.snp_indel.g.vcf.gz,/g/data/kr68/projects/RDN_RareDisease/LRS00290/pipeface-v0.8.0/20250721-080404/LRS00290-00-PB-01/LRS00290-00-PB-01.hg38.minimap2.whatshap.sorted.haplotagged.bam,NONE
BIG_POP,LRS00290-02-PB-01,/g/data/kr68/projects/RDN_RareDisease/LRS00290/pipeface-v0.8.0/20250721-080404/LRS00290-02-PB-01/LRS00290-02-PB-01.hg38.deepvariant.snp_indel.g.vcf.gz,/g/data/kr68/projects/RDN_RareDisease/LRS00290/pipeface-v0.8.0/20250721-080404/LRS00290-02-PB-01/LRS00290-02-PB-01.hg38.minimap2.whatshap.sorted.haplotagged.bam,NONE
BIG_POP,LRS00416-00-ON-01,/g/data/kr68/projects/RDN_RareDisease/LRS00416/pipeface-v0.9.4/20251112-103436/LRS00416-00-ON-01/LRS00416-00-ON-01.hg38.deepvariant.snp_indel.g.vcf.gz,/g/data/kr68/projects/RDN_RareDisease/LRS00416/pipeface-v0.9.4/20251112-103436/LRS00416-00-ON-01/LRS00416-00-ON-01.hg38.minimap2.whatshap.sorted.haplotagged.bam,NONE
BIG_POP,LRS00416-02-ON-01,/g/data/kr68/projects/RDN_RareDisease/LRS00416/pipeface-v0.9.4/20251112-103436/LRS00416-02-ON-01/LRS00416-02-ON-01.hg38.deepvariant.snp_indel.g.vcf.gz,/g/data/kr68/projects/RDN_RareDisease/LRS00416/pipeface-v0.9.4/20251112-103436/LRS00416-02-ON-01/LRS00416-02-ON-01.hg38.minimap2.whatshap.sorted.haplotagged.bam,NONE
BIG_POP,LRS00416-01-ON-01,/g/data/kr68/projects/RDN_RareDisease/LRS00416/pipeface-v0.9.4/20251112-103436/LRS00416-01-ON-01/LRS00416-01-ON-01.hg38.deepvariant.snp_indel.g.vcf.gz,/g/data/kr68/projects/RDN_RareDisease/LRS00416/pipeface-v0.9.4/20251112-103436/LRS00416-01-ON-01/LRS00416-01-ON-01.hg38.minimap2.whatshap.sorted.haplotagged.bam,NONE
BIG_POP,LRS00268-01-PB-01,/g/data/kr68/projects/RDN_RareDisease/LRS00268/pipeface-v0.8.0/20250721-080404/LRS00268-01-PB-01/LRS00268-01-PB-01.hg38.deepvariant.snp_indel.g.vcf.gz,/g/data/kr68/projects/RDN_RareDisease/LRS00268/pipeface-v0.8.0/20250721-080404/LRS00268-01-PB-01/LRS00268-01-PB-01.hg38.minimap2.whatshap.sorted.haplotagged.bam,NONE
BIG_POP,LRS00268-00-PB-01,/g/data/kr68/projects/RDN_RareDisease/LRS00268/pipeface-v0.8.0/20250721-080404/LRS00268-00-PB-01/LRS00268-00-PB-01.hg38.deepvariant.snp_indel.g.vcf.gz,/g/data/kr68/projects/RDN_RareDisease/LRS00268/pipeface-v0.8.0/20250721-080404/LRS00268-00-PB-01/LRS00268-00-PB-01.hg38.minimap2.whatshap.sorted.haplotagged.bam,NONE
BIG_POP,LRS00268-02-PB-01,/g/data/kr68/projects/RDN_RareDisease/LRS00268/pipeface-v0.8.0/20250721-080404/LRS00268-02-PB-01/LRS00268-02-PB-01.hg38.deepvariant.snp_indel.g.vcf.gz,/g/data/kr68/projects/RDN_RareDisease/LRS00268/pipeface-v0.8.0/20250721-080404/LRS00268-02-PB-01/LRS00268-02-PB-01.hg38.minimap2.whatshap.sorted.haplotagged.bam,NONE
BIG_POP,LRS00029-00-ON-01,/g/data/kr68/projects/RDN_RareDisease/LRS00029/pipeface-v0.9.4/20251124-121106/LRS00029-00-ON-01/LRS00029-00-ON-01.hg38.deepvariant.snp_indel.g.vcf.gz,/g/data/kr68/projects/RDN_RareDisease/LRS00029/pipeface-v0.9.4/20251124-121106/LRS00029-00-ON-01/LRS00029-00-ON-01.hg38.minimap2.whatshap.sorted.haplotagged.bam,NONE
BIG_POP,LRS00029-01-PB-01,/g/data/kr68/projects/RDN_RareDisease/LRS00029/pipeface-v0.9.4/20251124-121106/LRS00029-01-PB-01/LRS00029-01-PB-01.hg38.deepvariant.snp_indel.g.vcf.gz,/g/data/kr68/projects/RDN_RareDisease/LRS00029/pipeface-v0.9.4/20251124-121106/LRS00029-01-PB-01/LRS00029-01-PB-01.hg38.minimap2.whatshap.sorted.haplotagged.bam,NONE
BIG_POP,LRS00445-00-PB-02,/g/data/kr68/projects/RDN_RareDisease/LRS00445/pipeface-v0.9.2/20251021-070000/LRS00445-00-PB-02/LRS00445-00-PB-02.hg38.deepvariant.snp_indel.g.vcf.gz,/g/data/kr68/projects/RDN_RareDisease/LRS00445/pipeface-v0.9.2/20251021-070000/LRS00445-00-PB-02/LRS00445-00-PB-02.hg38.minimap2.whatshap.sorted.haplotagged.bam,NONE
BIG_POP,LRS00445-01-PB-02,/g/data/kr68/projects/RDN_RareDisease/LRS00445/pipeface-v0.9.2/20251021-070000/LRS00445-01-PB-02/LRS00445-01-PB-02.hg38.deepvariant.snp_indel.g.vcf.gz,/g/data/kr68/projects/RDN_RareDisease/LRS00445/pipeface-v0.9.2/20251021-070000/LRS00445-01-PB-02/LRS00445-01-PB-02.hg38.minimap2.whatshap.sorted.haplotagged.bam,NONE
BIG_POP,LRS00445-02-PB-02,/g/data/kr68/projects/RDN_RareDisease/LRS00445/pipeface-v0.9.2/20251021-070000/LRS00445-02-PB-02/LRS00445-02-PB-02.hg38.deepvariant.snp_indel.g.vcf.gz,/g/data/kr68/projects/RDN_RareDisease/LRS00445/pipeface-v0.9.2/20251021-070000/LRS00445-02-PB-02/LRS00445-02-PB-02.hg38.minimap2.whatshap.sorted.haplotagged.bam,NONE
BIG_POP,LRS00008-03-PB-02,/g/data/kr68/projects/RDN_RareDisease/LRS00008/pipeface-v0.9.2/20251008-104320/LRS00008-03-PB-02/LRS00008-03-PB-02.hg38.deepvariant.snp_indel.g.vcf.gz,/g/data/kr68/projects/RDN_RareDisease/LRS00008/pipeface-v0.9.2/20251008-104320/LRS00008-03-PB-02/LRS00008-03-PB-02.hg38.minimap2.whatshap.sorted.haplotagged.bam,NONE
BIG_POP,LRS00008-00-PB-02,/g/data/kr68/projects/RDN_RareDisease/LRS00008/pipeface-v0.9.2/20251008-104201/LRS00008-00-PB-02/LRS00008-00-PB-02.hg38.deepvariant.snp_indel.g.vcf.gz,/g/data/kr68/projects/RDN_RareDisease/LRS00008/pipeface-v0.9.2/20251008-104201/LRS00008-00-PB-02/LRS00008-00-PB-02.hg38.minimap2.whatshap.sorted.haplotagged.bam,NONE
BIG_POP,LRS00008-01-PB-02,/g/data/kr68/projects/RDN_RareDisease/LRS00008/pipeface-v0.9.2/20251008-104201/LRS00008-01-PB-02/LRS00008-01-PB-02.hg38.deepvariant.snp_indel.g.vcf.gz,/g/data/kr68/projects/RDN_RareDisease/LRS00008/pipeface-v0.9.2/20251008-104201/LRS00008-01-PB-02/LRS00008-01-PB-02.hg38.minimap2.whatshap.sorted.haplotagged.bam,NONE
BIG_POP,LRS00026-00-PB-01,/g/data/kr68/projects/RDN_RareDisease/LRS00026/pipeface-v0.8.0/20250724-085739/LRS00026-00-PB-01/LRS00026-00-PB-01.hg38.deepvariant.snp_indel.g.vcf.gz,/g/data/kr68/projects/RDN_RareDisease/LRS00026/pipeface-v0.8.0/20250724-085739/LRS00026-00-PB-01/LRS00026-00-PB-01.hg38.minimap2.whatshap.sorted.haplotagged.bam,NONE
BIG_POP,LRS00026-02-PB-01,/g/data/kr68/projects/RDN_RareDisease/LRS00026/pipeface-v0.8.0/20250724-085739/LRS00026-02-PB-01/LRS00026-02-PB-01.hg38.deepvariant.snp_indel.g.vcf.gz,/g/data/kr68/projects/RDN_RareDisease/LRS00026/pipeface-v0.8.0/20250724-085739/LRS00026-02-PB-01/LRS00026-02-PB-01.hg38.minimap2.whatshap.sorted.haplotagged.bam,NONE
BIG_POP,LRS00026-01-PB-01,/g/data/kr68/projects/RDN_RareDisease/LRS00026/pipeface-v0.8.0/20250724-085739/LRS00026-01-PB-01/LRS00026-01-PB-01.hg38.deepvariant.snp_indel.g.vcf.gz,/g/data/kr68/projects/RDN_RareDisease/LRS00026/pipeface-v0.8.0/20250724-085739/LRS00026-01-PB-01/LRS00026-01-PB-01.hg38.minimap2.whatshap.sorted.haplotagged.bam,NONE
BIG_POP,LRS00253-01-PB-01,/g/data/kr68/projects/RDN_RareDisease/LRS00253/pipeface-v0.8.0/20250716-095228/LRS00253-01-PB-01/LRS00253-01-PB-01.hg38.deepvariant.snp_indel.g.vcf.gz,/g/data/kr68/projects/RDN_RareDisease/LRS00253/pipeface-v0.8.0/20250716-095228/LRS00253-01-PB-01/LRS00253-01-PB-01.hg38.minimap2.whatshap.sorted.haplotagged.bam,NONE
BIG_POP,LRS00253-02-PB-01,/g/data/kr68/projects/RDN_RareDisease/LRS00253/pipeface-v0.8.0/20250716-095228/LRS00253-02-PB-01/LRS00253-02-PB-01.hg38.deepvariant.snp_indel.g.vcf.gz,/g/data/kr68/projects/RDN_RareDisease/LRS00253/pipeface-v0.8.0/20250716-095228/LRS00253-02-PB-01/LRS00253-02-PB-01.hg38.minimap2.whatshap.sorted.haplotagged.bam,NONE
BIG_POP,LRS00253-00-PB-01,/g/data/kr68/projects/RDN_RareDisease/LRS00253/pipeface-v0.8.0/20250716-095228/LRS00253-00-PB-01/LRS00253-00-PB-01.hg38.deepvariant.snp_indel.g.vcf.gz,/g/data/kr68/projects/RDN_RareDisease/LRS00253/pipeface-v0.8.0/20250716-095228/LRS00253-00-PB-01/LRS00253-00-PB-01.hg38.minimap2.whatshap.sorted.haplotagged.bam,NONE
BIG_POP,LRS00013-00-PB-02,/g/data/kr68/projects/RDN_RareDisease/LRS00013/pipeface-v0.9.1/20250804-130624/LRS00013-00-PB-02/LRS00013-00-PB-02.hg38.deepvariant.snp_indel.g.vcf.gz,/g/data/kr68/projects/RDN_RareDisease/LRS00013/pipeface-v0.9.1/20250804-130624/LRS00013-00-PB-02/LRS00013-00-PB-02.hg38.minimap2.whatshap.sorted.haplotagged.bam,NONE
BIG_POP,LRS00013-01-PB-02,/g/data/kr68/projects/RDN_RareDisease/LRS00013/pipeface-v0.9.1/20250804-130624/LRS00013-01-PB-02/LRS00013-01-PB-02.hg38.deepvariant.snp_indel.g.vcf.gz,/g/data/kr68/projects/RDN_RareDisease/LRS00013/pipeface-v0.9.1/20250804-130624/LRS00013-01-PB-02/LRS00013-01-PB-02.hg38.minimap2.whatshap.sorted.haplotagged.bam,NONE
BIG_POP,LRS00339-01-RF-02,/g/data/kr68/projects/RDN_RareDisease/LRS00339/pipeface-v0.9.1/20250818-082018/LRS00339-01-RF-02/LRS00339-01-RF-02.hg38.deepvariant.snp_indel.g.vcf.gz,/g/data/kr68/projects/RDN_RareDisease/LRS00339/pipeface-v0.9.1/20250818-082018/LRS00339-01-RF-02/LRS00339-01-RF-02.hg38.minimap2.whatshap.sorted.haplotagged.bam,NONE
BIG_POP,LRS00339-00-RF-02,/g/data/kr68/projects/RDN_RareDisease/LRS00339/pipeface-v0.9.1/20250818-082018/LRS00339-00-RF-02/LRS00339-00-RF-02.hg38.deepvariant.snp_indel.g.vcf.gz,/g/data/kr68/projects/RDN_RareDisease/LRS00339/pipeface-v0.9.1/20250818-082018/LRS00339-00-RF-02/LRS00339-00-RF-02.hg38.minimap2.whatshap.sorted.haplotagged.bam,NONE
BIG_POP,LRS00086-00-PB-02,/g/data/kr68/projects/RDN_RareDisease/LRS00086/pipeface-v0.9.4/20251110-160141/LRS00086-00-PB-02/LRS00086-00-PB-02.hg38.deepvariant.snp_indel.g.vcf.gz,/g/data/kr68/projects/RDN_RareDisease/LRS00086/pipeface-v0.9.4/20251110-160141/LRS00086-00-PB-02/LRS00086-00-PB-02.hg38.minimap2.whatshap.sorted.haplotagged.bam,NONE
BIG_POP,LRS00086-02-PB-02,/g/data/kr68/projects/RDN_RareDisease/LRS00086/pipeface-v0.9.4/20251110-160141/LRS00086-02-PB-02/LRS00086-02-PB-02.hg38.deepvariant.snp_indel.g.vcf.gz,/g/data/kr68/projects/RDN_RareDisease/LRS00086/pipeface-v0.9.4/20251110-160141/LRS00086-02-PB-02/LRS00086-02-PB-02.hg38.minimap2.whatshap.sorted.haplotagged.bam,NONE
BIG_POP,LRS00086-01-PB-02,/g/data/kr68/projects/RDN_RareDisease/LRS00086/pipeface-v0.9.4/20251110-160141/LRS00086-01-PB-02/LRS00086-01-PB-02.hg38.deepvariant.snp_indel.g.vcf.gz,/g/data/kr68/projects/RDN_RareDisease/LRS00086/pipeface-v0.9.4/20251110-160141/LRS00086-01-PB-02/LRS00086-01-PB-02.hg38.minimap2.whatshap.sorted.haplotagged.bam,NONE
BIG_POP,LRS00025-00-PB-02,/g/data/kr68/projects/RDN_RareDisease/LRS00025/pipeface-v0.10.0/20251210-065559/LRS00025-00-PB-02/LRS00025-00-PB-02.hg38.deepvariant.snp_indel.g.vcf.gz,/g/data/kr68/projects/RDN_RareDisease/LRS00025/pipeface-v0.10.0/20251210-065559/LRS00025-00-PB-02/LRS00025-00-PB-02.hg38.minimap2.whatshap.sorted.haplotagged.bam,NONE
BIG_POP,LRS00025-01-PB-02,/g/data/kr68/projects/RDN_RareDisease/LRS00025/pipeface-v0.10.0/20251210-065559/LRS00025-01-PB-02/LRS00025-01-PB-02.hg38.deepvariant.snp_indel.g.vcf.gz,/g/data/kr68/projects/RDN_RareDisease/LRS00025/pipeface-v0.10.0/20251210-065559/LRS00025-01-PB-02/LRS00025-01-PB-02.hg38.minimap2.whatshap.sorted.haplotagged.bam,NONE
BIG_POP,LRS00025-02-PB-02,/g/data/kr68/projects/RDN_RareDisease/LRS00025/pipeface-v0.10.0/20251210-065559/LRS00025-02-PB-02/LRS00025-02-PB-02.hg38.deepvariant.snp_indel.g.vcf.gz,/g/data/kr68/projects/RDN_RareDisease/LRS00025/pipeface-v0.10.0/20251210-065559/LRS00025-02-PB-02/LRS00025-02-PB-02.hg38.minimap2.whatshap.sorted.haplotagged.bam,NONE
BIG_POP,LRS00334-00-RF-03,/g/data/kr68/projects/RDN_RareDisease/LRS00334/pipeface-v0.9.2/20250908-131413/LRS00334-00-RF-03/LRS00334-00-RF-03.hg38.deepvariant.snp_indel.g.vcf.gz,/g/data/kr68/projects/RDN_RareDisease/LRS00334/pipeface-v0.9.2/20250908-131413/LRS00334-00-RF-03/LRS00334-00-RF-03.hg38.minimap2.whatshap.sorted.haplotagged.bam,NONE
BIG_POP,LRS00403-02-PB-01,/g/data/kr68/projects/RDN_RareDisease/LRS00403/pipeface-v0.9.2/20251020-135927/LRS00403-02-PB-01/LRS00403-02-PB-01.hg38.deepvariant.snp_indel.g.vcf.gz,/g/data/kr68/projects/RDN_RareDisease/LRS00403/pipeface-v0.9.2/20251020-135927/LRS00403-02-PB-01/LRS00403-02-PB-01.hg38.minimap2.whatshap.sorted.haplotagged.bam,NONE
BIG_POP,LRS00403-00-PB-01,/g/data/kr68/projects/RDN_RareDisease/LRS00403/pipeface-v0.9.2/20251020-135927/LRS00403-00-PB-01/LRS00403-00-PB-01.hg38.deepvariant.snp_indel.g.vcf.gz,/g/data/kr68/projects/RDN_RareDisease/LRS00403/pipeface-v0.9.2/20251020-135927/LRS00403-00-PB-01/LRS00403-00-PB-01.hg38.minimap2.whatshap.sorted.haplotagged.bam,NONE
BIG_POP,LRS00403-01-PB-01,/g/data/kr68/projects/RDN_RareDisease/LRS00403/pipeface-v0.9.2/20251020-135927/LRS00403-01-PB-01/LRS00403-01-PB-01.hg38.deepvariant.snp_indel.g.vcf.gz,/g/data/kr68/projects/RDN_RareDisease/LRS00403/pipeface-v0.9.2/20251020-135927/LRS00403-01-PB-01/LRS00403-01-PB-01.hg38.minimap2.whatshap.sorted.haplotagged.bam,NONE
BIG_POP,LRS00417-00-PB-02,/g/data/kr68/projects/RDN_RareDisease/LRS00417/pipeface-v0.9.2/20251009-163811/LRS00417-00-PB-02/LRS00417-00-PB-02.hg38.deepvariant.snp_indel.g.vcf.gz,/g/data/kr68/projects/RDN_RareDisease/LRS00417/pipeface-v0.9.2/20251009-163811/LRS00417-00-PB-02/LRS00417-00-PB-02.hg38.minimap2.whatshap.sorted.haplotagged.bam,NONE
BIG_POP,LRS00417-01-PB-02,/g/data/kr68/projects/RDN_RareDisease/LRS00417/pipeface-v0.9.2/20251009-163811/LRS00417-01-PB-02/LRS00417-01-PB-02.hg38.deepvariant.snp_indel.g.vcf.gz,/g/data/kr68/projects/RDN_RareDisease/LRS00417/pipeface-v0.9.2/20251009-163811/LRS00417-01-PB-02/LRS00417-01-PB-02.hg38.minimap2.whatshap.sorted.haplotagged.bam,NONE
BIG_POP,LRS00012-02-PB-01,/g/data/kr68/projects/RDN_RareDisease/LRS00012/pipeface-v0.9.1/20250723-121116/LRS00012-02-PB-01/LRS00012-02-PB-01.hg38.deepvariant.snp_indel.g.vcf.gz,/g/data/kr68/projects/RDN_RareDisease/LRS00012/pipeface-v0.9.1/20250723-121116/LRS00012-02-PB-01/LRS00012-02-PB-01.hg38.minimap2.whatshap.sorted.haplotagged.bam,NONE
BIG_POP,LRS00012-00-PB-01,/g/data/kr68/projects/RDN_RareDisease/LRS00012/pipeface-v0.9.1/20250723-121116/LRS00012-00-PB-01/LRS00012-00-PB-01.hg38.deepvariant.snp_indel.g.vcf.gz,/g/data/kr68/projects/RDN_RareDisease/LRS00012/pipeface-v0.9.1/20250723-121116/LRS00012-00-PB-01/LRS00012-00-PB-01.hg38.minimap2.whatshap.sorted.haplotagged.bam,NONE
BIG_POP,LRS00406-02-PB-02,/g/data/kr68/projects/RDN_RareDisease/LRS00406/pipeface-v0.9.4/20251024-054118/LRS00406-02-PB-02/LRS00406-02-PB-02.hg38.deepvariant.snp_indel.g.vcf.gz,/g/data/kr68/projects/RDN_RareDisease/LRS00406/pipeface-v0.9.4/20251024-054118/LRS00406-02-PB-02/LRS00406-02-PB-02.hg38.minimap2.whatshap.sorted.haplotagged.bam,NONE
BIG_POP,LRS00406-00-PB-02,/g/data/kr68/projects/RDN_RareDisease/LRS00406/pipeface-v0.9.4/20251024-054118/LRS00406-00-PB-02/LRS00406-00-PB-02.hg38.deepvariant.snp_indel.g.vcf.gz,/g/data/kr68/projects/RDN_RareDisease/LRS00406/pipeface-v0.9.4/20251024-054118/LRS00406-00-PB-02/LRS00406-00-PB-02.hg38.minimap2.whatshap.sorted.haplotagged.bam,NONE
BIG_POP,LRS00406-01-PB-02,/g/data/kr68/projects/RDN_RareDisease/LRS00406/pipeface-v0.9.4/20251024-054118/LRS00406-01-PB-02/LRS00406-01-PB-02.hg38.deepvariant.snp_indel.g.vcf.gz,/g/data/kr68/projects/RDN_RareDisease/LRS00406/pipeface-v0.9.4/20251024-054118/LRS00406-01-PB-02/LRS00406-01-PB-02.hg38.minimap2.whatshap.sorted.haplotagged.bam,NONE
BIG_POP,LRS00265-00-PB-02,/g/data/kr68/projects/RDN_RareDisease/LRS00265/pipeface-v0.9.2/20251009-163811/LRS00265-00-PB-02/LRS00265-00-PB-02.hg38.deepvariant.snp_indel.g.vcf.gz,/g/data/kr68/projects/RDN_RareDisease/LRS00265/pipeface-v0.9.2/20251009-163811/LRS00265-00-PB-02/LRS00265-00-PB-02.hg38.minimap2.whatshap.sorted.haplotagged.bam,NONE
BIG_POP,LRS00265-01-PB-02,/g/data/kr68/projects/RDN_RareDisease/LRS00265/pipeface-v0.9.2/20251009-163811/LRS00265-01-PB-02/LRS00265-01-PB-02.hg38.deepvariant.snp_indel.g.vcf.gz,/g/data/kr68/projects/RDN_RareDisease/LRS00265/pipeface-v0.9.2/20251009-163811/LRS00265-01-PB-02/LRS00265-01-PB-02.hg38.minimap2.whatshap.sorted.haplotagged.bam,NONE
BIG_POP,LRS00079-00-PB-01,/g/data/kr68/projects/RDN_RareDisease/LRS00079/pipeface-v0.9.1/20250804-130624/LRS00079-00-PB-01/LRS00079-00-PB-01.hg38.deepvariant.snp_indel.g.vcf.gz,/g/data/kr68/projects/RDN_RareDisease/LRS00079/pipeface-v0.9.1/20250804-130624/LRS00079-00-PB-01/LRS00079-00-PB-01.hg38.minimap2.whatshap.sorted.haplotagged.bam,NONE
BIG_POP,LRS00079-01-PB-01,/g/data/kr68/projects/RDN_RareDisease/LRS00079/pipeface-v0.9.1/20250804-130624/LRS00079-01-PB-01/LRS00079-01-PB-01.hg38.deepvariant.snp_indel.g.vcf.gz,/g/data/kr68/projects/RDN_RareDisease/LRS00079/pipeface-v0.9.1/20250804-130624/LRS00079-01-PB-01/LRS00079-01-PB-01.hg38.minimap2.whatshap.sorted.haplotagged.bam,NONE
BIG_POP,LRS00061-03-PB-02,/g/data/kr68/projects/RDN_RareDisease/LRS00061/pipeface-v0.10.0/20251127-083718/LRS00061-03-PB-02/LRS00061-03-PB-02.hg38.deepvariant.snp_indel.g.vcf.gz,/g/data/kr68/projects/RDN_RareDisease/LRS00061/pipeface-v0.10.0/20251127-083718/LRS00061-03-PB-02/LRS00061-03-PB-02.hg38.minimap2.whatshap.sorted.haplotagged.bam,NONE
BIG_POP,LRS00061-00-PB-02,/g/data/kr68/projects/RDN_RareDisease/LRS00061/pipeface-v0.10.0/20251127-083511/LRS00061-00-PB-02/LRS00061-00-PB-02.hg38.deepvariant.snp_indel.g.vcf.gz,/g/data/kr68/projects/RDN_RareDisease/LRS00061/pipeface-v0.10.0/20251127-083511/LRS00061-00-PB-02/LRS00061-00-PB-02.hg38.minimap2.whatshap.sorted.haplotagged.bam,NONE
BIG_POP,LRS00061-01-PB-02,/g/data/kr68/projects/RDN_RareDisease/LRS00061/pipeface-v0.10.0/20251127-083511/LRS00061-01-PB-02/LRS00061-01-PB-02.hg38.deepvariant.snp_indel.g.vcf.gz,/g/data/kr68/projects/RDN_RareDisease/LRS00061/pipeface-v0.10.0/20251127-083511/LRS00061-01-PB-02/LRS00061-01-PB-02.hg38.minimap2.whatshap.sorted.haplotagged.bam,NONE
BIG_POP,LRS00061-02-PB-02,/g/data/kr68/projects/RDN_RareDisease/LRS00061/pipeface-v0.10.0/20251127-083511/LRS00061-02-PB-02/LRS00061-02-PB-02.hg38.deepvariant.snp_indel.g.vcf.gz,/g/data/kr68/projects/RDN_RareDisease/LRS00061/pipeface-v0.10.0/20251127-083511/LRS00061-02-PB-02/LRS00061-02-PB-02.hg38.minimap2.whatshap.sorted.haplotagged.bam,NONE
BIG_POP,LRS00285-01-PB-01,/g/data/kr68/projects/RDN_RareDisease/LRS00285/pipeface-v0.9.1/20250804-130624/LRS00285-01-PB-01/LRS00285-01-PB-01.hg38.deepvariant.snp_indel.g.vcf.gz,/g/data/kr68/projects/RDN_RareDisease/LRS00285/pipeface-v0.9.1/20250804-130624/LRS00285-01-PB-01/LRS00285-01-PB-01.hg38.minimap2.whatshap.sorted.haplotagged.bam,NONE
BIG_POP,LRS00285-00-PB-01,/g/data/kr68/projects/RDN_RareDisease/LRS00285/pipeface-v0.9.1/20250804-130624/LRS00285-00-PB-01/LRS00285-00-PB-01.hg38.deepvariant.snp_indel.g.vcf.gz,/g/data/kr68/projects/RDN_RareDisease/LRS00285/pipeface-v0.9.1/20250804-130624/LRS00285-00-PB-01/LRS00285-00-PB-01.hg38.minimap2.whatshap.sorted.haplotagged.bam,NONE
BIG_POP,LRS00004-00-PB-02,/g/data/kr68/projects/RDN_RareDisease/LRS00004/pipeface-v0.9.2/20251009-113709/LRS00004-00-PB-02/LRS00004-00-PB-02.hg38.deepvariant.snp_indel.g.vcf.gz,/g/data/kr68/projects/RDN_RareDisease/LRS00004/pipeface-v0.9.2/20251009-113709/LRS00004-00-PB-02/LRS00004-00-PB-02.hg38.minimap2.whatshap.sorted.haplotagged.bam,NONE
BIG_POP,LRS00031-00-PB-01,/g/data/kr68/projects/RDN_RareDisease/LRS00031/pipeface-v0.9.1/20250723-121116/LRS00031-00-PB-01/LRS00031-00-PB-01.hg38.deepvariant.snp_indel.g.vcf.gz,/g/data/kr68/projects/RDN_RareDisease/LRS00031/pipeface-v0.9.1/20250723-121116/LRS00031-00-PB-01/LRS00031-00-PB-01.hg38.minimap2.whatshap.sorted.haplotagged.bam,NONE
BIG_POP,LRS00031-01-PB-01,/g/data/kr68/projects/RDN_RareDisease/LRS00031/pipeface-v0.9.1/20250723-121116/LRS00031-01-PB-01/LRS00031-01-PB-01.hg38.deepvariant.snp_indel.g.vcf.gz,/g/data/kr68/projects/RDN_RareDisease/LRS00031/pipeface-v0.9.1/20250723-121116/LRS00031-01-PB-01/LRS00031-01-PB-01.hg38.minimap2.whatshap.sorted.haplotagged.bam,NONE
BIG_POP,LRS00232-02-PB-02,/g/data/kr68/projects/RDN_RareDisease/LRS00232/pipeface-v0.8.0/20250724-085739/LRS00232-02-PB-02/LRS00232-02-PB-02.hg38.deepvariant.snp_indel.g.vcf.gz,/g/data/kr68/projects/RDN_RareDisease/LRS00232/pipeface-v0.8.0/20250724-085739/LRS00232-02-PB-02/LRS00232-02-PB-02.hg38.minimap2.whatshap.sorted.haplotagged.bam,NONE
BIG_POP,LRS00232-01-PB-02,/g/data/kr68/projects/RDN_RareDisease/LRS00232/pipeface-v0.8.0/20250724-085739/LRS00232-01-PB-02/LRS00232-01-PB-02.hg38.deepvariant.snp_indel.g.vcf.gz,/g/data/kr68/projects/RDN_RareDisease/LRS00232/pipeface-v0.8.0/20250724-085739/LRS00232-01-PB-02/LRS00232-01-PB-02.hg38.minimap2.whatshap.sorted.haplotagged.bam,NONE
BIG_POP,LRS00232-00-PB-02,/g/data/kr68/projects/RDN_RareDisease/LRS00232/pipeface-v0.8.0/20250724-085739/LRS00232-00-PB-02/LRS00232-00-PB-02.hg38.deepvariant.snp_indel.g.vcf.gz,/g/data/kr68/projects/RDN_RareDisease/LRS00232/pipeface-v0.8.0/20250724-085739/LRS00232-00-PB-02/LRS00232-00-PB-02.hg38.minimap2.whatshap.sorted.haplotagged.bam,NONE
BIG_POP,LRS00105-01-PB-02,/g/data/kr68/projects/RDN_RareDisease/LRS00105/pipeface-v0.9.4/20251110-160141/LRS00105-01-PB-02/LRS00105-01-PB-02.hg38.deepvariant.snp_indel.g.vcf.gz,/g/data/kr68/projects/RDN_RareDisease/LRS00105/pipeface-v0.9.4/20251110-160141/LRS00105-01-PB-02/LRS00105-01-PB-02.hg38.minimap2.whatshap.sorted.haplotagged.bam,NONE
BIG_POP,LRS00105-00-PB-02,/g/data/kr68/projects/RDN_RareDisease/LRS00105/pipeface-v0.9.4/20251110-160141/LRS00105-00-PB-02/LRS00105-00-PB-02.hg38.deepvariant.snp_indel.g.vcf.gz,/g/data/kr68/projects/RDN_RareDisease/LRS00105/pipeface-v0.9.4/20251110-160141/LRS00105-00-PB-02/LRS00105-00-PB-02.hg38.minimap2.whatshap.sorted.haplotagged.bam,NONE
BIG_POP,LRS00105-02-PB-02,/g/data/kr68/projects/RDN_RareDisease/LRS00105/pipeface-v0.9.4/20251110-160141/LRS00105-02-PB-02/LRS00105-02-PB-02.hg38.deepvariant.snp_indel.g.vcf.gz,/g/data/kr68/projects/RDN_RareDisease/LRS00105/pipeface-v0.9.4/20251110-160141/LRS00105-02-PB-02/LRS00105-02-PB-02.hg38.minimap2.whatshap.sorted.haplotagged.bam,NONE
BIG_POP,LRS00075-01-PB-01,/g/data/kr68/projects/RDN_RareDisease/LRS00075/pipeface-v0.9.4/20251105-070552/LRS00075-01-PB-01/LRS00075-01-PB-01.hg38.deepvariant.snp_indel.g.vcf.gz,/g/data/kr68/projects/RDN_RareDisease/LRS00075/pipeface-v0.9.4/20251105-070552/LRS00075-01-PB-01/LRS00075-01-PB-01.hg38.minimap2.whatshap.sorted.haplotagged.bam,NONE
BIG_POP,LRS00075-00-PB-01,/g/data/kr68/projects/RDN_RareDisease/LRS00075/pipeface-v0.9.4/20251105-070552/LRS00075-00-PB-01/LRS00075-00-PB-01.hg38.deepvariant.snp_indel.g.vcf.gz,/g/data/kr68/projects/RDN_RareDisease/LRS00075/pipeface-v0.9.4/20251105-070552/LRS00075-00-PB-01/LRS00075-00-PB-01.hg38.minimap2.whatshap.sorted.haplotagged.bam,NONE
BIG_POP,LRS00335-01-PB-01,/g/data/kr68/projects/RDN_RareDisease/LRS00335/pipeface-v0.10.0/20251208-133031/LRS00335-01-PB-01/LRS00335-01-PB-01.hg38.deepvariant.snp_indel.g.vcf.gz,/g/data/kr68/projects/RDN_RareDisease/LRS00335/pipeface-v0.10.0/20251208-133031/LRS00335-01-PB-01/LRS00335-01-PB-01.hg38.minimap2.whatshap.sorted.haplotagged.bam,NONE
BIG_POP,LRS00335-02-PB-01,/g/data/kr68/projects/RDN_RareDisease/LRS00335/pipeface-v0.10.0/20251208-133031/LRS00335-02-PB-01/LRS00335-02-PB-01.hg38.deepvariant.snp_indel.g.vcf.gz,/g/data/kr68/projects/RDN_RareDisease/LRS00335/pipeface-v0.10.0/20251208-133031/LRS00335-02-PB-01/LRS00335-02-PB-01.hg38.minimap2.whatshap.sorted.haplotagged.bam,NONE
BIG_POP,LRS00335-00-PB-01,/g/data/kr68/projects/RDN_RareDisease/LRS00335/pipeface-v0.10.0/20251208-133031/LRS00335-00-PB-01/LRS00335-00-PB-01.hg38.deepvariant.snp_indel.g.vcf.gz,/g/data/kr68/projects/RDN_RareDisease/LRS00335/pipeface-v0.10.0/20251208-133031/LRS00335-00-PB-01/LRS00335-00-PB-01.hg38.minimap2.whatshap.sorted.haplotagged.bam,NONE
BIG_POP,LRS00335-00-RF-03,/g/data/kr68/projects/RDN_RareDisease/LRS00335/pipeface-v0.9.2/20250908-131413/LRS00335-00-RF-03/LRS00335-00-RF-03.hg38.deepvariant.snp_indel.g.vcf.gz,/g/data/kr68/projects/RDN_RareDisease/LRS00335/pipeface-v0.9.2/20250908-131413/LRS00335-00-RF-03/LRS00335-00-RF-03.hg38.minimap2.whatshap.sorted.haplotagged.bam,NONE
BIG_POP,LRS00233-00-PB-02,/g/data/kr68/projects/RDN_RareDisease/LRS00233/pipeface-v0.8.0/20250806-131327/LRS00233-00-PB-02/LRS00233-00-PB-02.hg38.deepvariant.snp_indel.g.vcf.gz,/g/data/kr68/projects/RDN_RareDisease/LRS00233/pipeface-v0.8.0/20250806-131327/LRS00233-00-PB-02/LRS00233-00-PB-02.hg38.minimap2.whatshap.sorted.haplotagged.bam,NONE
BIG_POP,LRS00233-02-PB-02,/g/data/kr68/projects/RDN_RareDisease/LRS00233/pipeface-v0.8.0/20250806-131327/LRS00233-02-PB-02/LRS00233-02-PB-02.hg38.deepvariant.snp_indel.g.vcf.gz,/g/data/kr68/projects/RDN_RareDisease/LRS00233/pipeface-v0.8.0/20250806-131327/LRS00233-02-PB-02/LRS00233-02-PB-02.hg38.minimap2.whatshap.sorted.haplotagged.bam,NONE
BIG_POP,LRS00233-01-PB-02,/g/data/kr68/projects/RDN_RareDisease/LRS00233/pipeface-v0.8.0/20250806-131327/LRS00233-01-PB-02/LRS00233-01-PB-02.hg38.deepvariant.snp_indel.g.vcf.gz,/g/data/kr68/projects/RDN_RareDisease/LRS00233/pipeface-v0.8.0/20250806-131327/LRS00233-01-PB-02/LRS00233-01-PB-02.hg38.minimap2.whatshap.sorted.haplotagged.bam,NONE
BIG_POP,LRS00401-02-PB-01,/g/data/kr68/projects/RDN_RareDisease/LRS00401/pipeface-v0.8.0/20250819-130412/LRS00401-02-PB-01/LRS00401-02-PB-01.hg38.deepvariant.snp_indel.g.vcf.gz,/g/data/kr68/projects/RDN_RareDisease/LRS00401/pipeface-v0.8.0/20250819-130412/LRS00401-02-PB-01/LRS00401-02-PB-01.hg38.minimap2.whatshap.sorted.haplotagged.bam,NONE
BIG_POP,LRS00401-00-PB-01,/g/data/kr68/projects/RDN_RareDisease/LRS00401/pipeface-v0.8.0/20250819-130412/LRS00401-00-PB-01/LRS00401-00-PB-01.hg38.deepvariant.snp_indel.g.vcf.gz,/g/data/kr68/projects/RDN_RareDisease/LRS00401/pipeface-v0.8.0/20250819-130412/LRS00401-00-PB-01/LRS00401-00-PB-01.hg38.minimap2.whatshap.sorted.haplotagged.bam,NONE
BIG_POP,LRS00401-01-PB-01,/g/data/kr68/projects/RDN_RareDisease/LRS00401/pipeface-v0.8.0/20250819-130412/LRS00401-01-PB-01/LRS00401-01-PB-01.hg38.deepvariant.snp_indel.g.vcf.gz,/g/data/kr68/projects/RDN_RareDisease/LRS00401/pipeface-v0.8.0/20250819-130412/LRS00401-01-PB-01/LRS00401-01-PB-01.hg38.minimap2.whatshap.sorted.haplotagged.bam,NONE
BIG_POP,LRS00401-00-PB-02,/g/data/kr68/projects/RDN_RareDisease/LRS00401/pipeface-v0.9.4/20251028-072240/LRS00401-00-PB-02/LRS00401-00-PB-02.hg38.deepvariant.snp_indel.g.vcf.gz,/g/data/kr68/projects/RDN_RareDisease/LRS00401/pipeface-v0.9.4/20251028-072240/LRS00401-00-PB-02/LRS00401-00-PB-02.hg38.minimap2.whatshap.sorted.haplotagged.bam,NONE
BIG_POP,LRS00401-02-PB-02,/g/data/kr68/projects/RDN_RareDisease/LRS00401/pipeface-v0.9.4/20251028-072240/LRS00401-02-PB-02/LRS00401-02-PB-02.hg38.deepvariant.snp_indel.g.vcf.gz,/g/data/kr68/projects/RDN_RareDisease/LRS00401/pipeface-v0.9.4/20251028-072240/LRS00401-02-PB-02/LRS00401-02-PB-02.hg38.minimap2.whatshap.sorted.haplotagged.bam,NONE
BIG_POP,LRS00401-01-PB-02,/g/data/kr68/projects/RDN_RareDisease/LRS00401/pipeface-v0.9.4/20251028-072240/LRS00401-01-PB-02/LRS00401-01-PB-02.hg38.deepvariant.snp_indel.g.vcf.gz,/g/data/kr68/projects/RDN_RareDisease/LRS00401/pipeface-v0.9.4/20251028-072240/LRS00401-01-PB-02/LRS00401-01-PB-02.hg38.minimap2.whatshap.sorted.haplotagged.bam,NONE
BIG_POP,LRS00478-00-PB-01,/g/data/kr68/projects/RDN_RareDisease/LRS00478/pipeface-v0.9.4/20251103-143920/LRS00478-00-PB-01/LRS00478-00-PB-01.hg38.deepvariant.snp_indel.g.vcf.gz,/g/data/kr68/projects/RDN_RareDisease/LRS00478/pipeface-v0.9.4/20251103-143920/LRS00478-00-PB-01/LRS00478-00-PB-01.hg38.minimap2.whatshap.sorted.haplotagged.bam,NONE
BIG_POP,LRS00478-02-PB-01,/g/data/kr68/projects/RDN_RareDisease/LRS00478/pipeface-v0.9.4/20251103-143920/LRS00478-02-PB-01/LRS00478-02-PB-01.hg38.deepvariant.snp_indel.g.vcf.gz,/g/data/kr68/projects/RDN_RareDisease/LRS00478/pipeface-v0.9.4/20251103-143920/LRS00478-02-PB-01/LRS00478-02-PB-01.hg38.minimap2.whatshap.sorted.haplotagged.bam,NONE
BIG_POP,LRS00254-02-PB-01,/g/data/kr68/projects/RDN_RareDisease/LRS00254/pipeface-v0.8.0/20250819-130412/LRS00254-02-PB-01/LRS00254-02-PB-01.hg38.deepvariant.snp_indel.g.vcf.gz,/g/data/kr68/projects/RDN_RareDisease/LRS00254/pipeface-v0.8.0/20250819-130412/LRS00254-02-PB-01/LRS00254-02-PB-01.hg38.minimap2.whatshap.sorted.haplotagged.bam,NONE
BIG_POP,LRS00254-01-PB-01,/g/data/kr68/projects/RDN_RareDisease/LRS00254/pipeface-v0.8.0/20250819-130412/LRS00254-01-PB-01/LRS00254-01-PB-01.hg38.deepvariant.snp_indel.g.vcf.gz,/g/data/kr68/projects/RDN_RareDisease/LRS00254/pipeface-v0.8.0/20250819-130412/LRS00254-01-PB-01/LRS00254-01-PB-01.hg38.minimap2.whatshap.sorted.haplotagged.bam,NONE
BIG_POP,LRS00254-00-PB-01,/g/data/kr68/projects/RDN_RareDisease/LRS00254/pipeface-v0.8.0/20250819-130412/LRS00254-00-PB-01/LRS00254-00-PB-01.hg38.deepvariant.snp_indel.g.vcf.gz,/g/data/kr68/projects/RDN_RareDisease/LRS00254/pipeface-v0.8.0/20250819-130412/LRS00254-00-PB-01/LRS00254-00-PB-01.hg38.minimap2.whatshap.sorted.haplotagged.bam,NONE
BIG_POP,LRS00106-01-PB-01,/g/data/kr68/projects/RDN_RareDisease/LRS00106/pipeface-v0.9.1/20250804-130624/LRS00106-01-PB-01/LRS00106-01-PB-01.hg38.deepvariant.snp_indel.g.vcf.gz,/g/data/kr68/projects/RDN_RareDisease/LRS00106/pipeface-v0.9.1/20250804-130624/LRS00106-01-PB-01/LRS00106-01-PB-01.hg38.minimap2.whatshap.sorted.haplotagged.bam,NONE
BIG_POP,LRS00106-00-PB-01,/g/data/kr68/projects/RDN_RareDisease/LRS00106/pipeface-v0.9.1/20250804-130624/LRS00106-00-PB-01/LRS00106-00-PB-01.hg38.deepvariant.snp_indel.g.vcf.gz,/g/data/kr68/projects/RDN_RareDisease/LRS00106/pipeface-v0.9.1/20250804-130624/LRS00106-00-PB-01/LRS00106-00-PB-01.hg38.minimap2.whatshap.sorted.haplotagged.bam,NONE
BIG_POP,LRS00170-01-PB-01,/g/data/kr68/projects/RDN_RareDisease/LRS00170/pipeface-v0.8.0/20250819-130412/LRS00170-01-PB-01/LRS00170-01-PB-01.hg38.deepvariant.snp_indel.g.vcf.gz,/g/data/kr68/projects/RDN_RareDisease/LRS00170/pipeface-v0.8.0/20250819-130412/LRS00170-01-PB-01/LRS00170-01-PB-01.hg38.minimap2.whatshap.sorted.haplotagged.bam,NONE
BIG_POP,LRS00170-00-PB-01,/g/data/kr68/projects/RDN_RareDisease/LRS00170/pipeface-v0.8.0/20250819-130412/LRS00170-00-PB-01/LRS00170-00-PB-01.hg38.deepvariant.snp_indel.g.vcf.gz,/g/data/kr68/projects/RDN_RareDisease/LRS00170/pipeface-v0.8.0/20250819-130412/LRS00170-00-PB-01/LRS00170-00-PB-01.hg38.minimap2.whatshap.sorted.haplotagged.bam,NONE
BIG_POP,LRS00170-02-PB-01,/g/data/kr68/projects/RDN_RareDisease/LRS00170/pipeface-v0.8.0/20250819-130412/LRS00170-02-PB-01/LRS00170-02-PB-01.hg38.deepvariant.snp_indel.g.vcf.gz,/g/data/kr68/projects/RDN_RareDisease/LRS00170/pipeface-v0.8.0/20250819-130412/LRS00170-02-PB-01/LRS00170-02-PB-01.hg38.minimap2.whatshap.sorted.haplotagged.bam,NONE
BIG_POP,LRS00170-01-PB-02,/g/data/kr68/projects/RDN_RareDisease/LRS00170/pipeface-v0.10.0/20251203-064128/LRS00170-01-PB-02/LRS00170-01-PB-02.hg38.deepvariant.snp_indel.g.vcf.gz,/g/data/kr68/projects/RDN_RareDisease/LRS00170/pipeface-v0.10.0/20251203-064128/LRS00170-01-PB-02/LRS00170-01-PB-02.hg38.minimap2.whatshap.sorted.haplotagged.bam,NONE
BIG_POP,LRS00170-00-PB-02,/g/data/kr68/projects/RDN_RareDisease/LRS00170/pipeface-v0.10.0/20251203-064128/LRS00170-00-PB-02/LRS00170-00-PB-02.hg38.deepvariant.snp_indel.g.vcf.gz,/g/data/kr68/projects/RDN_RareDisease/LRS00170/pipeface-v0.10.0/20251203-064128/LRS00170-00-PB-02/LRS00170-00-PB-02.hg38.minimap2.whatshap.sorted.haplotagged.bam,NONE
BIG_POP,LRS00170-02-PB-02,/g/data/kr68/projects/RDN_RareDisease/LRS00170/pipeface-v0.10.0/20251203-064128/LRS00170-02-PB-02/LRS00170-02-PB-02.hg38.deepvariant.snp_indel.g.vcf.gz,/g/data/kr68/projects/RDN_RareDisease/LRS00170/pipeface-v0.10.0/20251203-064128/LRS00170-02-PB-02/LRS00170-02-PB-02.hg38.minimap2.whatshap.sorted.haplotagged.bam,NONE
BIG_POP,LRS00292-00-PB-01,/g/data/kr68/projects/RDN_RareDisease/LRS00292/pipeface-v0.8.0/20250721-080404/LRS00292-00-PB-01/LRS00292-00-PB-01.hg38.deepvariant.snp_indel.g.vcf.gz,/g/data/kr68/projects/RDN_RareDisease/LRS00292/pipeface-v0.8.0/20250721-080404/LRS00292-00-PB-01/LRS00292-00-PB-01.hg38.minimap2.whatshap.sorted.haplotagged.bam,NONE
BIG_POP,LRS00292-02-PB-01,/g/data/kr68/projects/RDN_RareDisease/LRS00292/pipeface-v0.8.0/20250721-080404/LRS00292-02-PB-01/LRS00292-02-PB-01.hg38.deepvariant.snp_indel.g.vcf.gz,/g/data/kr68/projects/RDN_RareDisease/LRS00292/pipeface-v0.8.0/20250721-080404/LRS00292-02-PB-01/LRS00292-02-PB-01.hg38.minimap2.whatshap.sorted.haplotagged.bam,NONE
BIG_POP,LRS00292-01-PB-01,/g/data/kr68/projects/RDN_RareDisease/LRS00292/pipeface-v0.8.0/20250721-080404/LRS00292-01-PB-01/LRS00292-01-PB-01.hg38.deepvariant.snp_indel.g.vcf.gz,/g/data/kr68/projects/RDN_RareDisease/LRS00292/pipeface-v0.8.0/20250721-080404/LRS00292-01-PB-01/LRS00292-01-PB-01.hg38.minimap2.whatshap.sorted.haplotagged.bam,NONE
BIG_POP,LRS00102-00-PB-02,/g/data/kr68/projects/RDN_RareDisease/LRS00102/pipeface-v0.8.0/20250806-131327/LRS00102-00-PB-02/LRS00102-00-PB-02.hg38.deepvariant.snp_indel.g.vcf.gz,/g/data/kr68/projects/RDN_RareDisease/LRS00102/pipeface-v0.8.0/20250806-131327/LRS00102-00-PB-02/LRS00102-00-PB-02.hg38.minimap2.whatshap.sorted.haplotagged.bam,NONE
BIG_POP,LRS00102-02-PB-02,/g/data/kr68/projects/RDN_RareDisease/LRS00102/pipeface-v0.8.0/20250806-131327/LRS00102-02-PB-02/LRS00102-02-PB-02.hg38.deepvariant.snp_indel.g.vcf.gz,/g/data/kr68/projects/RDN_RareDisease/LRS00102/pipeface-v0.8.0/20250806-131327/LRS00102-02-PB-02/LRS00102-02-PB-02.hg38.minimap2.whatshap.sorted.haplotagged.bam,NONE
BIG_POP,LRS00102-01-PB-02,/g/data/kr68/projects/RDN_RareDisease/LRS00102/pipeface-v0.8.0/20250806-131327/LRS00102-01-PB-02/LRS00102-01-PB-02.hg38.deepvariant.snp_indel.g.vcf.gz,/g/data/kr68/projects/RDN_RareDisease/LRS00102/pipeface-v0.8.0/20250806-131327/LRS00102-01-PB-02/LRS00102-01-PB-02.hg38.minimap2.whatshap.sorted.haplotagged.bam,NONE
BIG_POP,LRS00007-01-PB-03,/g/data/kr68/projects/RDN_RareDisease/LRS00007/pipeface-v0.9.2/20250908-052904/LRS00007-01-PB-03/LRS00007-01-PB-03.hg38.deepvariant.snp_indel.g.vcf.gz,/g/data/kr68/projects/RDN_RareDisease/LRS00007/pipeface-v0.9.2/20250908-052904/LRS00007-01-PB-03/LRS00007-01-PB-03.hg38.minimap2.whatshap.sorted.haplotagged.bam,NONE
BIG_POP,LRS00007-02-PB-03,/g/data/kr68/projects/RDN_RareDisease/LRS00007/pipeface-v0.9.2/20250908-052904/LRS00007-02-PB-03/LRS00007-02-PB-03.hg38.deepvariant.snp_indel.g.vcf.gz,/g/data/kr68/projects/RDN_RareDisease/LRS00007/pipeface-v0.9.2/20250908-052904/LRS00007-02-PB-03/LRS00007-02-PB-03.hg38.minimap2.whatshap.sorted.haplotagged.bam,NONE
BIG_POP,LRS00007-00-PB-03,/g/data/kr68/projects/RDN_RareDisease/LRS00007/pipeface-v0.9.2/20250908-052904/LRS00007-00-PB-03/LRS00007-00-PB-03.hg38.deepvariant.snp_indel.g.vcf.gz,/g/data/kr68/projects/RDN_RareDisease/LRS00007/pipeface-v0.9.2/20250908-052904/LRS00007-00-PB-03/LRS00007-00-PB-03.hg38.minimap2.whatshap.sorted.haplotagged.bam,NONE
BIG_POP,LRS00088-00-PB-02,/g/data/kr68/projects/RDN_RareDisease/LRS00088/pipeface-v0.9.4/20251025-064955/LRS00088-00-PB-02/LRS00088-00-PB-02.hg38.deepvariant.snp_indel.g.vcf.gz,/g/data/kr68/projects/RDN_RareDisease/LRS00088/pipeface-v0.9.4/20251025-064955/LRS00088-00-PB-02/LRS00088-00-PB-02.hg38.minimap2.whatshap.sorted.haplotagged.bam,NONE
BIG_POP,LRS00088-01-PB-02,/g/data/kr68/projects/RDN_RareDisease/LRS00088/pipeface-v0.9.4/20251025-064955/LRS00088-01-PB-02/LRS00088-01-PB-02.hg38.deepvariant.snp_indel.g.vcf.gz,/g/data/kr68/projects/RDN_RareDisease/LRS00088/pipeface-v0.9.4/20251025-064955/LRS00088-01-PB-02/LRS00088-01-PB-02.hg38.minimap2.whatshap.sorted.haplotagged.bam,NONE
BIG_POP,LRS00088-02-PB-02,/g/data/kr68/projects/RDN_RareDisease/LRS00088/pipeface-v0.9.4/20251025-064955/LRS00088-02-PB-02/LRS00088-02-PB-02.hg38.deepvariant.snp_indel.g.vcf.gz,/g/data/kr68/projects/RDN_RareDisease/LRS00088/pipeface-v0.9.4/20251025-064955/LRS00088-02-PB-02/LRS00088-02-PB-02.hg38.minimap2.whatshap.sorted.haplotagged.bam,NONE
BIG_POP,LRS00342-04-PB-01,/g/data/kr68/projects/RDN_RareDisease/LRS00342/pipeface-v0.8.0/20250806-130436/LRS00342-04-PB-01/LRS00342-04-PB-01.hg38.deepvariant.snp_indel.g.vcf.gz,/g/data/kr68/projects/RDN_RareDisease/LRS00342/pipeface-v0.8.0/20250806-130436/LRS00342-04-PB-01/LRS00342-04-PB-01.hg38.minimap2.whatshap.sorted.haplotagged.bam,NONE
BIG_POP,LRS00342-03-PB-01,/g/data/kr68/projects/RDN_RareDisease/LRS00342/pipeface-v0.8.0/20250806-130436/LRS00342-03-PB-01/LRS00342-03-PB-01.hg38.deepvariant.snp_indel.g.vcf.gz,/g/data/kr68/projects/RDN_RareDisease/LRS00342/pipeface-v0.8.0/20250806-130436/LRS00342-03-PB-01/LRS00342-03-PB-01.hg38.minimap2.whatshap.sorted.haplotagged.bam,NONE
BIG_POP,LRS00342-00-PB-01,/g/data/kr68/projects/RDN_RareDisease/LRS00342/pipeface-v0.8.0/20250806-130436/LRS00342-00-PB-01/LRS00342-00-PB-01.hg38.deepvariant.snp_indel.g.vcf.gz,/g/data/kr68/projects/RDN_RareDisease/LRS00342/pipeface-v0.8.0/20250806-130436/LRS00342-00-PB-01/LRS00342-00-PB-01.hg38.minimap2.whatshap.sorted.haplotagged.bam,NONE
BIG_POP,LRS00091-03-PB-01,/g/data/kr68/projects/RDN_RareDisease/LRS00091/pipeface-v0.9.2/20251009-113709/LRS00091-03-PB-01/LRS00091-03-PB-01.hg38.deepvariant.snp_indel.g.vcf.gz,/g/data/kr68/projects/RDN_RareDisease/LRS00091/pipeface-v0.9.2/20251009-113709/LRS00091-03-PB-01/LRS00091-03-PB-01.hg38.minimap2.whatshap.sorted.haplotagged.bam,NONE
BIG_POP,LRS00091-00-PB-01,/g/data/kr68/projects/RDN_RareDisease/LRS00091/pipeface-v0.9.2/20251009-113709/LRS00091-00-PB-01/LRS00091-00-PB-01.hg38.deepvariant.snp_indel.g.vcf.gz,/g/data/kr68/projects/RDN_RareDisease/LRS00091/pipeface-v0.9.2/20251009-113709/LRS00091-00-PB-01/LRS00091-00-PB-01.hg38.minimap2.whatshap.sorted.haplotagged.bam,NONE
BIG_POP,LRS00091-04-PB-01,/g/data/kr68/projects/RDN_RareDisease/LRS00091/pipeface-v0.9.2/20251009-113709/LRS00091-04-PB-01/LRS00091-04-PB-01.hg38.deepvariant.snp_indel.g.vcf.gz,/g/data/kr68/projects/RDN_RareDisease/LRS00091/pipeface-v0.9.2/20251009-113709/LRS00091-04-PB-01/LRS00091-04-PB-01.hg38.minimap2.whatshap.sorted.haplotagged.bam,NONE
BIG_POP,LRS00074-02-PB-01,/g/data/kr68/projects/RDN_RareDisease/LRS00074/pipeface-v0.9.2/20250924-053947/LRS00074-02-PB-01/LRS00074-02-PB-01.hg38.deepvariant.snp_indel.g.vcf.gz,/g/data/kr68/projects/RDN_RareDisease/LRS00074/pipeface-v0.9.2/20250924-053947/LRS00074-02-PB-01/LRS00074-02-PB-01.hg38.minimap2.whatshap.sorted.haplotagged.bam,NONE
BIG_POP,LRS00074-00-PB-01,/g/data/kr68/projects/RDN_RareDisease/LRS00074/pipeface-v0.9.2/20250924-053947/LRS00074-00-PB-01/LRS00074-00-PB-01.hg38.deepvariant.snp_indel.g.vcf.gz,/g/data/kr68/projects/RDN_RareDisease/LRS00074/pipeface-v0.9.2/20250924-053947/LRS00074-00-PB-01/LRS00074-00-PB-01.hg38.minimap2.whatshap.sorted.haplotagged.bam,NONE
BIG_POP,LRS00074-01-PB-01,/g/data/kr68/projects/RDN_RareDisease/LRS00074/pipeface-v0.9.2/20250924-053947/LRS00074-01-PB-01/LRS00074-01-PB-01.hg38.deepvariant.snp_indel.g.vcf.gz,/g/data/kr68/projects/RDN_RareDisease/LRS00074/pipeface-v0.9.2/20250924-053947/LRS00074-01-PB-01/LRS00074-01-PB-01.hg38.minimap2.whatshap.sorted.haplotagged.bam,NONE
BIG_POP,LRS00241-01-PB-01,/g/data/kr68/projects/RDN_RareDisease/LRS00241/pipeface-v0.10.0/20251208-133031/LRS00241-01-PB-01/LRS00241-01-PB-01.hg38.deepvariant.snp_indel.g.vcf.gz,/g/data/kr68/projects/RDN_RareDisease/LRS00241/pipeface-v0.10.0/20251208-133031/LRS00241-01-PB-01/LRS00241-01-PB-01.hg38.minimap2.whatshap.sorted.haplotagged.bam,NONE
BIG_POP,LRS00241-02-PB-01,/g/data/kr68/projects/RDN_RareDisease/LRS00241/pipeface-v0.10.0/20251208-133031/LRS00241-02-PB-01/LRS00241-02-PB-01.hg38.deepvariant.snp_indel.g.vcf.gz,/g/data/kr68/projects/RDN_RareDisease/LRS00241/pipeface-v0.10.0/20251208-133031/LRS00241-02-PB-01/LRS00241-02-PB-01.hg38.minimap2.whatshap.sorted.haplotagged.bam,NONE
BIG_POP,LRS00241-00-PB-01,/g/data/kr68/projects/RDN_RareDisease/LRS00241/pipeface-v0.10.0/20251208-133031/LRS00241-00-PB-01/LRS00241-00-PB-01.hg38.deepvariant.snp_indel.g.vcf.gz,/g/data/kr68/projects/RDN_RareDisease/LRS00241/pipeface-v0.10.0/20251208-133031/LRS00241-00-PB-01/LRS00241-00-PB-01.hg38.minimap2.whatshap.sorted.haplotagged.bam,NONE
BIG_POP,LRS00332-01-PB-01,/g/data/kr68/projects/RDN_RareDisease/LRS00332/pipeface-v0.9.1/20250804-130624/LRS00332-01-PB-01/LRS00332-01-PB-01.hg38.deepvariant.snp_indel.g.vcf.gz,/g/data/kr68/projects/RDN_RareDisease/LRS00332/pipeface-v0.9.1/20250804-130624/LRS00332-01-PB-01/LRS00332-01-PB-01.hg38.minimap2.whatshap.sorted.haplotagged.bam,NONE
BIG_POP,LRS00332-00-PB-01,/g/data/kr68/projects/RDN_RareDisease/LRS00332/pipeface-v0.9.1/20250804-130624/LRS00332-00-PB-01/LRS00332-00-PB-01.hg38.deepvariant.snp_indel.g.vcf.gz,/g/data/kr68/projects/RDN_RareDisease/LRS00332/pipeface-v0.9.1/20250804-130624/LRS00332-00-PB-01/LRS00332-00-PB-01.hg38.minimap2.whatshap.sorted.haplotagged.bam,NONE
BIG_POP,LRS00115-00-PB-01,/g/data/kr68/projects/RDN_RareDisease/LRS00115/pipeface-v0.9.1/20250804-130624/LRS00115-00-PB-01/LRS00115-00-PB-01.hg38.deepvariant.snp_indel.g.vcf.gz,/g/data/kr68/projects/RDN_RareDisease/LRS00115/pipeface-v0.9.1/20250804-130624/LRS00115-00-PB-01/LRS00115-00-PB-01.hg38.minimap2.whatshap.sorted.haplotagged.bam,NONE
BIG_POP,LRS00115-01-PB-01,/g/data/kr68/projects/RDN_RareDisease/LRS00115/pipeface-v0.9.1/20250804-130624/LRS00115-01-PB-01/LRS00115-01-PB-01.hg38.deepvariant.snp_indel.g.vcf.gz,/g/data/kr68/projects/RDN_RareDisease/LRS00115/pipeface-v0.9.1/20250804-130624/LRS00115-01-PB-01/LRS00115-01-PB-01.hg38.minimap2.whatshap.sorted.haplotagged.bam,NONE
BIG_POP,LRS00263-01-PB-02,/g/data/kr68/projects/RDN_RareDisease/LRS00263/pipeface-v0.9.4/20251024-054118/LRS00263-01-PB-02/LRS00263-01-PB-02.hg38.deepvariant.snp_indel.g.vcf.gz,/g/data/kr68/projects/RDN_RareDisease/LRS00263/pipeface-v0.9.4/20251024-054118/LRS00263-01-PB-02/LRS00263-01-PB-02.hg38.minimap2.whatshap.sorted.haplotagged.bam,NONE
BIG_POP,LRS00263-02-PB-02,/g/data/kr68/projects/RDN_RareDisease/LRS00263/pipeface-v0.9.4/20251024-054118/LRS00263-02-PB-02/LRS00263-02-PB-02.hg38.deepvariant.snp_indel.g.vcf.gz,/g/data/kr68/projects/RDN_RareDisease/LRS00263/pipeface-v0.9.4/20251024-054118/LRS00263-02-PB-02/LRS00263-02-PB-02.hg38.minimap2.whatshap.sorted.haplotagged.bam,NONE
BIG_POP,LRS00263-00-PB-02,/g/data/kr68/projects/RDN_RareDisease/LRS00263/pipeface-v0.9.4/20251024-054118/LRS00263-00-PB-02/LRS00263-00-PB-02.hg38.deepvariant.snp_indel.g.vcf.gz,/g/data/kr68/projects/RDN_RareDisease/LRS00263/pipeface-v0.9.4/20251024-054118/LRS00263-00-PB-02/LRS00263-00-PB-02.hg38.minimap2.whatshap.sorted.haplotagged.bam,NONE
BIG_POP,LRS00175-01-PB-01,/g/data/kr68/projects/RDN_RareDisease/LRS00175/pipeface-v0.9.1/20250804-130624/LRS00175-01-PB-01/LRS00175-01-PB-01.hg38.deepvariant.snp_indel.g.vcf.gz,/g/data/kr68/projects/RDN_RareDisease/LRS00175/pipeface-v0.9.1/20250804-130624/LRS00175-01-PB-01/LRS00175-01-PB-01.hg38.minimap2.whatshap.sorted.haplotagged.bam,NONE
BIG_POP,LRS00175-00-PB-01,/g/data/kr68/projects/RDN_RareDisease/LRS00175/pipeface-v0.9.1/20250804-130624/LRS00175-00-PB-01/LRS00175-00-PB-01.hg38.deepvariant.snp_indel.g.vcf.gz,/g/data/kr68/projects/RDN_RareDisease/LRS00175/pipeface-v0.9.1/20250804-130624/LRS00175-00-PB-01/LRS00175-00-PB-01.hg38.minimap2.whatshap.sorted.haplotagged.bam,NONE
BIG_POP,LRS00343-03-PB-01,/g/data/kr68/projects/RDN_RareDisease/LRS00343/pipeface-v0.8.0/20250723-063829/LRS00343-03-PB-01/LRS00343-03-PB-01.hg38.deepvariant.snp_indel.g.vcf.gz,/g/data/kr68/projects/RDN_RareDisease/LRS00343/pipeface-v0.8.0/20250723-063829/LRS00343-03-PB-01/LRS00343-03-PB-01.hg38.minimap2.whatshap.sorted.haplotagged.bam,NONE
BIG_POP,LRS00343-05-PB-01,/g/data/kr68/projects/RDN_RareDisease/LRS00343/pipeface-v0.8.0/20250723-063829/LRS00343-05-PB-01/LRS00343-05-PB-01.hg38.deepvariant.snp_indel.g.vcf.gz,/g/data/kr68/projects/RDN_RareDisease/LRS00343/pipeface-v0.8.0/20250723-063829/LRS00343-05-PB-01/LRS00343-05-PB-01.hg38.minimap2.whatshap.sorted.haplotagged.bam,NONE
BIG_POP,LRS00343-04-PB-01,/g/data/kr68/projects/RDN_RareDisease/LRS00343/pipeface-v0.8.0/20250723-063829/LRS00343-04-PB-01/LRS00343-04-PB-01.hg38.deepvariant.snp_indel.g.vcf.gz,/g/data/kr68/projects/RDN_RareDisease/LRS00343/pipeface-v0.8.0/20250723-063829/LRS00343-04-PB-01/LRS00343-04-PB-01.hg38.minimap2.whatshap.sorted.haplotagged.bam,NONE
BIG_POP,LRS00343-01-PB-01,/g/data/kr68/projects/RDN_RareDisease/LRS00343/pipeface-v0.9.1/20250804-130624/LRS00343-01-PB-01/LRS00343-01-PB-01.hg38.deepvariant.snp_indel.g.vcf.gz,/g/data/kr68/projects/RDN_RareDisease/LRS00343/pipeface-v0.9.1/20250804-130624/LRS00343-01-PB-01/LRS00343-01-PB-01.hg38.minimap2.whatshap.sorted.haplotagged.bam,NONE
BIG_POP,LRS00343-00-PB-01,/g/data/kr68/projects/RDN_RareDisease/LRS00343/pipeface-v0.9.1/20250804-130624/LRS00343-00-PB-01/LRS00343-00-PB-01.hg38.deepvariant.snp_indel.g.vcf.gz,/g/data/kr68/projects/RDN_RareDisease/LRS00343/pipeface-v0.9.1/20250804-130624/LRS00343-00-PB-01/LRS00343-00-PB-01.hg38.minimap2.whatshap.sorted.haplotagged.bam,NONE
BIG_POP,LRS00023-01-PB-01,/g/data/kr68/projects/RDN_RareDisease/LRS00023/pipeface-v0.9.1/20250723-121116/LRS00023-01-PB-01/LRS00023-01-PB-01.hg38.deepvariant.snp_indel.g.vcf.gz,/g/data/kr68/projects/RDN_RareDisease/LRS00023/pipeface-v0.9.1/20250723-121116/LRS00023-01-PB-01/LRS00023-01-PB-01.hg38.minimap2.whatshap.sorted.haplotagged.bam,NONE
BIG_POP,LRS00023-00-PB-01,/g/data/kr68/projects/RDN_RareDisease/LRS00023/pipeface-v0.9.1/20250723-121116/LRS00023-00-PB-01/LRS00023-00-PB-01.hg38.deepvariant.snp_indel.g.vcf.gz,/g/data/kr68/projects/RDN_RareDisease/LRS00023/pipeface-v0.9.1/20250723-121116/LRS00023-00-PB-01/LRS00023-00-PB-01.hg38.minimap2.whatshap.sorted.haplotagged.bam,NONE
BIG_POP,LRS00096-00-PB-02,/g/data/kr68/projects/RDN_RareDisease/LRS00096/pipeface-v0.9.1/20250804-130624/LRS00096-00-PB-02/LRS00096-00-PB-02.hg38.deepvariant.snp_indel.g.vcf.gz,/g/data/kr68/projects/RDN_RareDisease/LRS00096/pipeface-v0.9.1/20250804-130624/LRS00096-00-PB-02/LRS00096-00-PB-02.hg38.minimap2.whatshap.sorted.haplotagged.bam,NONE
BIG_POP,LRS00096-01-PB-02,/g/data/kr68/projects/RDN_RareDisease/LRS00096/pipeface-v0.9.1/20250804-130624/LRS00096-01-PB-02/LRS00096-01-PB-02.hg38.deepvariant.snp_indel.g.vcf.gz,/g/data/kr68/projects/RDN_RareDisease/LRS00096/pipeface-v0.9.1/20250804-130624/LRS00096-01-PB-02/LRS00096-01-PB-02.hg38.minimap2.whatshap.sorted.haplotagged.bam,NONE
BIG_POP,LRS00336-00-RF-04,/g/data/kr68/projects/RDN_RareDisease/LRS00336/pipeface-v0.9.2/20251021-064317/LRS00336-00-RF-04/LRS00336-00-RF-04.hg38.deepvariant.snp_indel.g.vcf.gz,/g/data/kr68/projects/RDN_RareDisease/LRS00336/pipeface-v0.9.2/20251021-064317/LRS00336-00-RF-04/LRS00336-00-RF-04.hg38.minimap2.whatshap.sorted.haplotagged.bam,NONE
BIG_POP,LRS00336-00-RF-03,/g/data/kr68/projects/RDN_RareDisease/LRS00336/pipeface-v0.9.2/20250908-131413/LRS00336-00-RF-03/LRS00336-00-RF-03.hg38.deepvariant.snp_indel.g.vcf.gz,/g/data/kr68/projects/RDN_RareDisease/LRS00336/pipeface-v0.9.2/20250908-131413/LRS00336-00-RF-03/LRS00336-00-RF-03.hg38.minimap2.whatshap.sorted.haplotagged.bam,NONE
